track_id,artists,album_name,track_name,popularity,duration_ms,explicit,danceability,energy,key,loudness,mode,speechiness,acousticness,instrumentalness,liveness,valence,tempo,time_signature,track_genre,failed_rules
0CDucx9lKxuCZplLXUz0iX,Buena Onda Reggae Club,Disco 2,Song for Rollins,16,219346,False,0.841,0.577,0,-7.544,1,0.0438,0.238,0.86,0.0571,0.843,90.522,4,afrobeat,track_id:multiple_fields_uniqueness; track_genre:multiple_fields_uniqueness
2aibwv5hGXSgw7Yru8IYTO,Red Hot Chili Peppers,Stadium Arcadium,Snow (Hey Oh),80,334666,False,0.427,0.9,11,-3.674,1,0.0499,0.116,1.75e-05,0.119,0.599,104.655,4,alt-rock,track_id:multiple_fields_uniqueness; track_genre:multiple_fields_uniqueness
7mULVp0DJrI2Nd6GesLvxn,Joy Division,Timeless Rock Hits,Love Will Tear Us Apart,0,204621,False,0.524,0.902,2,-8.662,1,0.0368,0.000989,0.695,0.137,0.907,146.833,4,alternative,track_id:multiple_fields_uniqueness; track_genre:multiple_fields_uniqueness
59gg6zQhSKGVnkT3hWAY3l,Max Richter;Lang Lang,Voyager - Essential Max Richter,The Departure,64,151506,False,0.0,0.0362,0,-22.519,0,0.0,0.994,0.94,0.0958,0.0,0.0,0,ambient,tempo:greater_than(0)
4acmzQsAeMJa5sGFSog7fu,Dario Marianelli;Jack Liebeck;Benjamin Wallfisch,Jane Eyre - Original Motion Picture Soundtrack,The End of Childhood (feat. Jack Liebeck),55,73266,False,0.0,0.0445,0,-26.44,0,0.0,0.972,0.972,0.0873,0.0,0.0,0,ambient,tempo:greater_than(0)
6d3RIvHfVkoOtW1WHXmbX3,Little Symphony,Serenity,Margot,27,45714,False,0.269,0.142,0,-23.695,1,0.0509,0.866,0.904,0.114,0.321,67.872,3,ambient,track_id:multiple_fields_uniqueness; track_genre:multiple_fields_uniqueness
1Kb2DqjHRvOcT5xeWtz3t5,Sylvain Chauveau,Des Plumes Dans La Tête,Ferme Les Yeux,53,68493,False,0.0,0.0323,2,-23.636,0,0.0,0.994,0.973,0.0922,0.0,0.0,0,ambient,tempo:greater_than(0)
481beimUiUnMUzSbOAFcUT,SUPER BEAVER,突破口 / 自慢になりたい,突破口,54,255080,False,0.472,0.994,8,-1.786,1,0.114,0.0259,0.0,0.0535,0.262,103.512,4,anime,track_id:multiple_fields_uniqueness; track_genre:multiple_fields_uniqueness
57QCT8L3kFQiN4AXkBRJxW,Dimmu Borgir,Spiritual Black Dimensions,The Blazing Monoliths of Defiance,22,277093,False,0.169,0.949,4,-6.789,0,0.101,2.47e-05,0.000743,0.276,0.112,112.758,4,black-metal,track_id:multiple_fields_uniqueness; track_genre:multiple_fields_uniqueness
3RIeNvIwO6ZRMLiwla7DdY,Whoredom Rife,Whoredom Rife,Gitt Til Odin,17,344466,False,0.107,0.899,9,-6.346,0,0.0666,1.48e-06,3.71e-05,0.389,0.0335,187.439,3,black-metal,track_id:multiple_fields_uniqueness; track_genre:multiple_fields_uniqueness
6FmQMYlxRl56FIgOwvRBil,Whoredom Rife,Pakt,En Lenke Smidd I Blod,16,396210,False,0.355,0.952,6,-6.477,0,0.0814,4.19e-06,0.176,0.36,0.0362,94.972,3,black-metal,track_id:multiple_fields_uniqueness; track_genre:multiple_fields_uniqueness
6laLzRAweI0HEOYDMO4Kds,Alison Krauss & Union Station,Live,"Tiny Broken Heart - Live From The Louisville Palace, Kentucky / 2002",25,188400,False,0.466,0.815,9,-8.479,1,0.0355,0.159,0.000236,0.864,0.866,112.448,4,bluegrass,track_id:multiple_fields_uniqueness; track_genre:multiple_fields_uniqueness
5Aq43Qi1j27J5KQkKYYKq0,Old & In The Way,Breakdown,Working On A Building,21,155733,False,0.524,0.238,9,-17.01,1,0.0426,0.892,0.0148,0.713,0.641,98.942,4,bluegrass,track_id:multiple_fields_uniqueness; track_genre:multiple_fields_uniqueness
72E3wMPI5tVY7VoEWLSuhf,Ella Fitzgerald,CHRISTMAS TOP HITS 2022,Frosty The Snowman,0,131733,False,0.579,0.502,8,-7.57,1,0.0513,0.733,0.0,0.281,0.836,76.783,4,blues,track_id:multiple_fields_uniqueness; track_genre:multiple_fields_uniqueness
3FkzSXO9uZbQ4sgRgR8O0m,Fats Domino,The Fats Domino Jukebox: 20 Greatest Hits The Way You Originally Heard Them,Let The Four Winds Blow - Remastered 2002,32,138693,False,0.588,0.494,10,-10.687,1,0.0525,0.535,0.0155,0.0942,0.964,91.964,4,blues,track_id:multiple_fields_uniqueness; track_genre:multiple_fields_uniqueness
1hB4340DP1nnBmfWn37uTN,509-E;Dexter;Afro-X,Provérbios 13,Saudades Mil,48,526026,True,0.624,0.589,2,-6.669,1,0.281,0.302,0.0,0.124,0.78,76.847,4,brazil,track_id:multiple_fields_uniqueness; track_genre:multiple_fields_uniqueness
469w8UmJYEGGMTNafmscjz,Padre Fábio De Melo,Queremos Deus,Espírito Santo Repousa / Faço Novas Todas as Coisas,43,467000,False,0.276,0.576,0,-8.672,1,0.0389,0.582,0.0,0.636,0.24,139.751,4,brazil,track_id:multiple_fields_uniqueness; track_genre:multiple_fields_uniqueness
0LBIf9EFHuxmuNig4JHGZo,Timo Maas,Crossing Wires 002 - Compiled And Mixed By Timo Maas,Crossing Wires 002 - Continuous DJ Mix,11,4789026,False,0.697,0.632,1,-12.469,1,0.0451,0.00815,0.871,0.0998,0.151,121.055,4,breakbeat,track_id:multiple_fields_uniqueness; track_genre:multiple_fields_uniqueness
7bqnvindpmkim89M9yhRiU,Leon Lai,黎明電影主題曲歌集,"甜蜜蜜 - 電影""甜蜜蜜""主題曲",20,201040,False,0.555,0.348,4,-15.245,1,0.0294,0.78,0.00137,0.115,0.566,138.087,4,cantopop,track_id:multiple_fields_uniqueness; track_genre:multiple_fields_uniqueness
7kao8wtgDELLkoMjGPhre7,Paul Johnson,The Music In Me,Y All Stole Them Dances - Original Mix,10,319352,False,0.804,0.851,11,-9.786,0,0.145,0.00101,0.0107,0.261,0.607,132.813,4,chicago-house,track_id:multiple_fields_uniqueness; track_genre:multiple_fields_uniqueness
14vexXpojwu3mG1S9fqHmL,Aaron Smith;Luvli,Dancin,Dancin - Laidback Luke Remix,20,381395,False,0.664,0.848,6,-2.382,1,0.162,0.0759,0.0332,0.106,0.359,129.056,4,chicago-house,track_id:multiple_fields_uniqueness; track_genre:multiple_fields_uniqueness
5GNH4c3DtYopcN3QcEzOxD,VeggieTales,Oh Santa! Kids Christmas Songs,Feliz Navidad,0,185493,False,0.707,0.506,0,-9.218,1,0.175,0.48,0.000114,0.0491,0.924,157.755,4,children,track_id:multiple_fields_uniqueness; track_genre:multiple_fields_uniqueness
5DVAtP5U4v22AUwjii0bvx,The Countdown Kids,Happy Halloween! (Spooky Favorites for Kids),"Theme from ""The Addams Family""",0,84000,False,0.717,0.673,5,-4.645,1,0.251,0.801,0.0161,0.0214,0.963,60.799,4,children,track_id:multiple_fields_uniqueness; track_genre:multiple_fields_uniqueness
4xxg28R4JsE5OSyDFlZEmZ,Pink Sweat$,Coffee Chill,I Feel Good,0,136058,False,0.803,0.75,11,-4.67,1,0.0551,0.0233,3.87e-05,0.045,0.628,106.0,4,chill,track_id:multiple_fields_uniqueness; track_genre:multiple_fields_uniqueness
4gj2XS6vLhDBuiduScHjRX,Johann Sebastian Bach;RIMA,Early Morning Classic,Bach : The Well-Tempered Clavier Book I. Fugue No.2,1,93340,False,0.372,0.0413,0,-31.531,0,0.0339,0.995,0.845,0.129,0.445,170.196,3,classical,track_id:multiple_fields_uniqueness; track_genre:multiple_fields_uniqueness
0MtRspmmNTRJa4Ebd2AMuN,Johann Sebastian Bach;Lang Lang,Classical Christmas 2022,"Christmas Oratorio, BWV 248: X. Sinfonia (Arr. Anna Saradjian)",0,157400,False,0.499,0.059,7,-20.969,1,0.0546,0.995,0.89,0.0889,0.171,82.472,4,classical,track_id:multiple_fields_uniqueness; track_genre:multiple_fields_uniqueness
0o30XkI520zpdZIeSRaSXr,Johann Sebastian Bach;Orion Weiss,Yarlung Records: Fifteen Years,"Overture in the French Style, Op. 2, BWV 831 (Excerpts): XI. Echo",0,176963,False,0.522,0.215,11,-21.148,0,0.0655,0.992,0.912,0.0971,0.934,103.767,4,classical,track_id:multiple_fields_uniqueness; track_genre:multiple_fields_uniqueness
0HOrX3f1vhUpn5hknKAM9W,Johann Sebastian Bach;Gundula Janowitz;Christa Ludwig;Fritz Wunderlich;Münchener Bach-Orchester;Karl Richter,Classical Christmas 2022,"Christmas Oratorio, BWV 248 / Pt. 5 - For the 1st Sunday in the New Year: No. 51 Terzetto: ""Ach, wann wird die Zeit erscheinen?""",0,320173,False,0.343,0.243,11,-15.404,0,0.0578,0.943,0.0,0.532,0.417,73.48,4,classical,track_id:multiple_fields_uniqueness; track_genre:multiple_fields_uniqueness
1gHJ8Y9xdcOPfg5tyBIL40,Johann Sebastian Bach;Lang Lang,Weihnachten Klassik 2022,"Christmas Oratorio, BWV 248: X. Sinfonia (Arr. Anna Saradjian)",0,157400,False,0.499,0.059,7,-20.969,1,0.0546,0.995,0.89,0.0889,0.171,82.472,4,classical,track_id:multiple_fields_uniqueness; track_genre:multiple_fields_uniqueness
3hyLdoIjuv5JV0MyE4GQkg,Johann Sebastian Bach;Boston Pops Orchestra;Arthur Fiedler,Weihnachten Klassik 2022,"Herz und Mund und Tat und Leben, Cantata BWV 147 - Arr. Robert Bockholt: Jesu Joy of Men's Desiring",0,204666,False,0.138,0.173,7,-17.603,1,0.0371,0.955,0.928,0.161,0.159,100.657,4,classical,track_id:multiple_fields_uniqueness; track_genre:multiple_fields_uniqueness
0KMayG55Y3QCYK2Yxq7qj7,Ludwig van Beethoven;Murray Perahia,Clásica para los niños de hoy,"Piano Sonata No. 14 in C-Sharp Minor, Op. 27 No. 2 ""Moonlight"": I. Adagio sostenuto",0,316440,False,0.146,0.00241,1,-40.843,0,0.0434,0.995,0.945,0.113,0.0973,166.462,3,classical,track_id:multiple_fields_uniqueness; track_genre:multiple_fields_uniqueness
5Wr9eVJ9Ccpx6uYTLETkbk,Ludwig van Beethoven;Wiener Philharmoniker;Andris Nelsons,Classical Running,"Symphony No. 6 in F Major, Op. 68 ""Pastoral"": III. Lustiges Zusammensein der Landleute. Allegro",0,308240,False,0.283,0.139,5,-18.546,1,0.0476,0.931,0.841,0.54,0.334,158.524,1,classical,track_id:multiple_fields_uniqueness; track_genre:multiple_fields_uniqueness
1APMLD7JwHPdiWFObXKqXP,Pyotr Ilyich Tchaikovsky;Berliner Philharmoniker;Mstislav Rostropovich,Classical Christmas,"The Nutcracker (Suite), Op. 71a, TH. 35: IIf. Dance of the Reed-Pipes (Mirlitons)",0,155000,False,0.45,0.0485,2,-31.079,1,0.038,0.972,0.911,0.172,0.316,126.978,4,classical,track_id:multiple_fields_uniqueness; track_genre:multiple_fields_uniqueness
4yp2yp607NbAqmpvtvk5Bp,Yiruma,Christmas Dinner,Maybe Christmas - Orchestra Version,0,303297,False,0.105,0.154,1,-14.355,1,0.0334,0.946,0.895,0.0683,0.0756,71.0,4,classical,track_id:multiple_fields_uniqueness; track_genre:multiple_fields_uniqueness
6XjBNMzl25wEBebNMdPMGg,Edvard Grieg;Una Bourne,"Mozart, Liszt & Others: Piano Works","Lyric Pieces I, Op. 12 (Excerpts): No. 2, Vals",0,88506,False,0.419,0.213,9,-23.095,1,0.0357,0.961,0.899,0.237,0.36,97.708,3,classical,track_id:multiple_fields_uniqueness; track_genre:multiple_fields_uniqueness
4oE62AqzUuiwV09HGxiMlu,Edvard Grieg;Una Bourne,"Mozart, Liszt & Others: Piano Works","Lyric Pieces I, Op. 12 (Excerpts): No. 6, Norsk",0,42306,False,0.345,0.236,2,-21.922,1,0.0401,0.989,0.952,0.228,0.38,135.677,4,classical,track_id:multiple_fields_uniqueness; track_genre:multiple_fields_uniqueness
5Ib5W64RwrPCN3bnRO4C2W,Edvard Grieg;Una Bourne,"Mozart, Liszt & Others: Piano Works","Lyric Pieces I, Op. 12 (Excerpts): No. 5, Folkevise",0,59653,False,0.376,0.129,6,-23.677,0,0.0397,0.993,0.899,0.142,0.561,56.596,4,classical,track_id:multiple_fields_uniqueness; track_genre:multiple_fields_uniqueness
6m3hSSDwLUUsXEf6aPtH1m,Edvard Grieg;Una Bourne,"Mozart, Liszt & Others: Piano Works","Lyric Pieces VIII, Op. 65: No. 6, Bryllupsdag på Troldhaugen",0,255933,False,0.331,0.23,2,-21.548,1,0.0356,0.978,0.88,0.359,0.189,82.51,3,classical,track_id:multiple_fields_uniqueness; track_genre:multiple_fields_uniqueness
2tF07mtTCrO5bmw1xv2vzG,Edvard Grieg;Academy of St. Martin in the Fields;Sir Neville Marriner,Classical Running,"Holberg Suite, Op. 40: 1. Präludium (Allegro vivace)",0,165000,False,0.23,0.144,7,-21.34,1,0.0408,0.94,0.869,0.395,0.229,142.163,4,classical,track_id:multiple_fields_uniqueness; track_genre:multiple_fields_uniqueness
4k1gofu5MHXtsbqfikEzVq,Sergei Rachmaninoff;Marko Stuparevic,Recreation: Russian Piano Sonatas,"Piano Sonata No. 2 in B-Flat Minor, Op. 36: I. Allegro agitato",0,505663,False,0.316,0.108,1,-20.37,1,0.0416,0.994,0.898,0.0957,0.0615,84.996,4,classical,track_id:multiple_fields_uniqueness; track_genre:multiple_fields_uniqueness
26Dme5GkC1yX4P2QU9V6Sk,Sergei Rachmaninoff;Talistrio,"Casella, Rachmaninoff & Yamada: Chamber Works","Trio élégiaque No. 2 in D Minor, Op. 9: I. Moderato - Allegro vivace",0,1371693,False,0.175,0.0869,2,-20.248,0,0.0427,0.955,0.251,0.0783,0.0345,78.113,4,classical,track_id:multiple_fields_uniqueness; track_genre:multiple_fields_uniqueness
7vwrBZ68Puc9ZJaXRcnHRs,Bhimsen Joshi,Jeevan Gane Pandit Bhimsen Joshi,Aata Kothe Dhave Man,29,360386,False,0.41,0.245,2,-17.29,1,0.0318,0.957,0.0,0.0793,0.585,102.378,4,classical,track_id:multiple_fields_uniqueness; track_genre:multiple_fields_uniqueness
0RPOy0HWyY3bLm40pm3T8s,Wolfgang Amadeus Mozart;Daniel Barenboim;Berliner Philharmoniker,Mozart: Piano Concertos Nos. 20 & 22,"Mozart: Piano Concerto No. 20 in D Minor, K. 466: III. Allegro assai",24,417666,False,0.356,0.159,2,-20.231,0,0.0379,0.984,0.943,0.151,0.229,71.779,4,classical,track_id:multiple_fields_uniqueness; track_genre:multiple_fields_uniqueness
3bURbpWSxXGl1R741ekg07,Wolfgang Amadeus Mozart;Mao Fujita,Mozart: The Complete Piano Sonatas,"Piano Sonata No. 3 in B-Flat Major, K. 281: II. Andante amoroso",16,313866,False,0.4,0.0334,3,-26.333,1,0.0502,0.993,0.938,0.11,0.367,94.362,3,classical,track_id:multiple_fields_uniqueness; track_genre:multiple_fields_uniqueness
04iTE6hn0yvbWHJXkIfLyy,Wolfgang Amadeus Mozart;Ingrid Haebler;Wiener Symphoniker;Christoph von Dohnányi,"Mozart: Piano Concertos Nos. 12, 18 & 19","Piano Concerto No. 18 in B-Flat Major, K. 456: II. Andante un poco sostenuto",7,693666,False,0.21,0.0975,7,-21.648,0,0.0342,0.973,0.879,0.5,0.0832,84.993,4,classical,track_id:multiple_fields_uniqueness; track_genre:multiple_fields_uniqueness
5VOJiy4ZseTafrksLPCxim,Wolfgang Amadeus Mozart;Ingrid Haebler;London Symphony Orchestra;Sir Colin Davis,Mozart: Piano Concertos Nos. 14-21,"Piano Concerto No. 15 in B-Flat Major, K. 450: II. (Andante)",5,362640,False,0.17,0.045,3,-26.573,1,0.0418,0.99,0.923,0.15,0.0788,56.768,4,classical,track_id:multiple_fields_uniqueness; track_genre:multiple_fields_uniqueness
6T1t7fOMfVuVpWSe2Z4Pp9,Wolfgang Amadeus Mozart;Ingrid Haebler;London Symphony Orchestra;Sir Colin Davis,Mozart: Piano Concertos Nos. 26 & 27; Rondo in A Major,"Piano Concerto No. 26 in D Major, K. 537 ""Coronation"": II. (Larghetto)",3,410066,False,0.302,0.019,9,-26.351,1,0.0361,0.992,0.915,0.17,0.194,70.075,4,classical,track_id:multiple_fields_uniqueness; track_genre:multiple_fields_uniqueness
7mOGLFitvkIyK6xix2xo1m,Wolfgang Amadeus Mozart;Ingrid Haebler;Ludwig Hoffmann,Mozart: Complete Variations for Piano,"Sonata for Piano 4 Hands in C Major, K. 19d: III. Rondo (Allegretto)",2,225293,False,0.457,0.0888,0,-24.985,1,0.051,0.992,0.917,0.131,0.391,125.826,4,classical,track_id:multiple_fields_uniqueness; track_genre:multiple_fields_uniqueness
4JvzS5bLyxDizlP1OTS8EV,Wolfgang Amadeus Mozart;Hilary Hahn;Natalie Zhu,Mozart - A Classical Dawn,"Sonata for Piano and Violin in E Minor, K. 304: II. Tempo di minuetto",3,337586,False,0.347,0.118,4,-21.192,0,0.0416,0.967,0.0612,0.118,0.257,125.78,4,classical,track_id:multiple_fields_uniqueness; track_genre:multiple_fields_uniqueness
3MpoUs3BBbuxwbnmHIxOJv,Wolfgang Amadeus Mozart;Mitsuko Uchida;Cleveland Orchestra,Mozart: A Night of Classics,"Piano Concerto No. 27 in B-Flat Major, K. 595: 2. Larghetto - Live",7,452706,False,0.18,0.0115,3,-30.172,1,0.0399,0.987,0.851,0.0991,0.0861,70.428,4,classical,track_id:multiple_fields_uniqueness; track_genre:multiple_fields_uniqueness
5R02WO5PUrHxynXWfheAqN,Wolfgang Amadeus Mozart;Danielle Laval,Mozart: A Night of Classics,"12 Variations on an Allegretto in B Flat, K.500: 6. Variation V",24,45532,False,0.637,0.022,3,-26.353,1,0.0525,0.995,0.909,0.126,0.193,89.78,4,classical,track_id:multiple_fields_uniqueness; track_genre:multiple_fields_uniqueness
22mK3JHgM6ATUkfI7BHemg,Wolfgang Amadeus Mozart;Danielle Laval,Mozart - Inspiring Classics,"9 Variations on a Minuet by J.P. Duport in D, K.573: 3. Variation II",5,62280,False,0.277,0.177,2,-19.688,1,0.0348,0.974,0.981,0.228,0.85,142.908,3,classical,track_id:multiple_fields_uniqueness; track_genre:multiple_fields_uniqueness
1lOhnZV1VVicEMHDEsUXVQ,Wolfgang Amadeus Mozart;Erik Smith,Mozart - Inspiring Classics,"Minuet in F, K.1d",3,79360,False,0.478,0.185,5,-16.501,1,0.037,0.693,0.907,0.0665,0.941,103.495,3,classical,track_id:multiple_fields_uniqueness; track_genre:multiple_fields_uniqueness
0gBtRrMYlHoToeVB3cstKs,Wolfgang Amadeus Mozart;Danielle Laval,Mozart - Inspiring Classics,"12 Variations on an Allegretto in B Flat, K.500: 8. Variation VII",4,65536,False,0.601,0.0588,10,-27.72,0,0.0747,0.995,0.916,0.0899,0.354,125.689,4,classical,track_id:multiple_fields_uniqueness; track_genre:multiple_fields_uniqueness
38znqxzVreO8WnoEkBIAJI,Wolfgang Amadeus Mozart;Academy of St. Martin in the Fields;Sir Neville Marriner,Mozart - Inspiring Classics,"Symphony No. 22 in C, K.162: 3. Presto assai",1,98506,False,0.494,0.216,0,-17.779,1,0.0452,0.966,0.921,0.115,0.641,76.432,3,classical,track_id:multiple_fields_uniqueness; track_genre:multiple_fields_uniqueness
3vFLZOEIM1SxKWPvCCKqvg,Wolfgang Amadeus Mozart;Danielle Laval,Mozart - Inspiring Classics,"9 Variations on ‘Lison dormait’ from ‘Julie’ by N. Dezède in C, K.264: 7. Variation VI",4,64492,False,0.326,0.218,0,-19.854,1,0.0345,0.992,0.937,0.178,0.444,142.723,5,classical,track_id:multiple_fields_uniqueness; track_genre:multiple_fields_uniqueness
4lvfOnCUxyT3aKKamZ3WXu,Wolfgang Amadeus Mozart;Danielle Laval,Mozart - Inspiring Classics,"12 Variations in C Major on ""Ah, vous dirai-je Maman"", K. 265: 11. Variation X",6,41893,False,0.212,0.221,0,-20.543,1,0.0454,0.98,0.96,0.149,0.425,148.759,5,classical,track_id:multiple_fields_uniqueness; track_genre:multiple_fields_uniqueness
4gvMjEAFf64RJC2XH9j3Ls,Wolfgang Amadeus Mozart;Danielle Laval,Mozart - Inspiring Classics,"9 Variations on ‘Lison dormait’ from ‘Julie’ by N. Dezède in C, K.264: 2. Variation I",3,71560,False,0.272,0.142,0,-22.839,1,0.0337,0.982,0.975,0.188,0.561,63.218,4,classical,track_id:multiple_fields_uniqueness; track_genre:multiple_fields_uniqueness
73tHDm0hBREbIJU4NrbGKy,Wolfgang Amadeus Mozart;Arthur Grumiaux;Walter Klien,Mozart: A Night of Classics,"Sonata for Piano and Violin in E flat, K.481: 3f. Variation 5",10,75986,False,0.336,0.155,0,-20.784,0,0.0399,0.99,0.791,0.153,0.871,166.114,3,classical,track_id:multiple_fields_uniqueness; track_genre:multiple_fields_uniqueness
1NoDZgAwhDmLXBdfxaFPVM,Wolfgang Amadeus Mozart;Arthur Grumiaux;Walter Klien,Mozart: A Night of Classics,"Sonata for Piano and Violin in A, K.305: 2e. Variation 4",12,68733,False,0.398,0.113,9,-22.607,1,0.0561,0.973,0.132,0.174,0.369,58.878,4,classical,track_id:multiple_fields_uniqueness; track_genre:multiple_fields_uniqueness
2vZkRvnwxCLsmzf8oGGBKK,Wolfgang Amadeus Mozart;Wiener Mozart Ensemble;Willi Boskovsky,Mozart: A Night of Classics,6 Minuets K. 105 (attribution doubtful): No. 4 in G Major,6,99000,False,0.502,0.0769,7,-19.183,1,0.0466,0.985,0.423,0.205,0.781,142.069,3,classical,track_id:multiple_fields_uniqueness; track_genre:multiple_fields_uniqueness
7zo05whm8LBnnt1dG979ov,Wolfgang Amadeus Mozart;Wiener Mozart Ensemble;Willi Boskovsky,Mozart - A Classical Dawn,"Six German Dances, K.571: No. 5 in B Flat Major",3,92000,False,0.539,0.158,10,-15.544,1,0.0356,0.976,0.498,0.151,0.685,88.18,3,classical,track_id:multiple_fields_uniqueness; track_genre:multiple_fields_uniqueness
4GdCiwOXIpmQGUWl5XBqyr,Wolfgang Amadeus Mozart;Arthur Grumiaux;Walter Klien,Mozart - Inspiring Classics,"6 Variations in G minor for Piano & Violin on ""Hélas, j'ai perdu mon amant"" K.360: Var. I",6,55613,False,0.308,0.0647,7,-24.599,0,0.0446,0.994,0.971,0.178,0.769,179.916,4,classical,track_id:multiple_fields_uniqueness; track_genre:multiple_fields_uniqueness
2bNeq7dW6z9umgGfHGLdcL,Wolfgang Amadeus Mozart;Gürzenich Orchestra Köln;Günter Wand,Mozart - Inspiring Classics,"Symphony No. 33 in B-Flat Major, K. 319: 2b. Andante moderato - Pt. 2",3,69653,False,0.3,0.0902,10,-19.71,1,0.0392,0.981,0.958,0.395,0.0842,87.475,4,classical,track_id:multiple_fields_uniqueness; track_genre:multiple_fields_uniqueness
5SBm6jz3bNhnbgerw5sJ9g,Wolfgang Amadeus Mozart;Danielle Laval,Mozart - Inspiring Classics,"8 Variations on ‘Dieu d'amour’ from ‘Les mariages samnites’ by Grétry in F, K.352: 2. Variation I",3,80453,False,0.372,0.076,5,-24.31,1,0.0507,0.995,0.967,0.137,0.553,90.987,1,classical,track_id:multiple_fields_uniqueness; track_genre:multiple_fields_uniqueness
040CvqW0wo3b77EBRfgC14,Wolfgang Amadeus Mozart;Isabelle van Keulen;Ronald Brautigam,Mozart - A Classical Dawn,"Andante and allegretto for Piano and Violin in C, K.404: 2. Allegretto",6,84653,False,0.446,0.106,7,-21.427,1,0.0459,0.987,0.696,0.101,0.844,157.273,4,classical,track_id:multiple_fields_uniqueness; track_genre:multiple_fields_uniqueness
2WvKORgp0fzCJAAvG8cN3K,Wolfgang Amadeus Mozart;Academy of St. Martin in the Fields;Sir Neville Marriner,Mozart - A Classical Dawn,"Symphony No. 25 in G minor, K.183: 1. Allegro con brio",3,92986,False,0.374,0.128,7,-17.219,0,0.0338,0.983,0.935,0.0823,0.299,80.516,4,classical,track_id:multiple_fields_uniqueness; track_genre:multiple_fields_uniqueness
1ghv8smG2wTI2Rhs2eghih,Wolfgang Amadeus Mozart;Claire-Marie Le Guay,Mozart: A Night of Classics,"Piano Sonata No.14 in C Minor, K. 457: 2c. Adagio - Pt. 3",14,64839,False,0.325,0.0109,3,-31.406,1,0.0672,0.996,0.876,0.129,0.612,134.0,4,classical,track_id:multiple_fields_uniqueness; track_genre:multiple_fields_uniqueness
1SZp7sIqzHHh1YMaMu8FL2,Wolfgang Amadeus Mozart;Danielle Laval,Mozart - A Classical Dawn,"12 Variations on an Allegretto in B Flat, K.500: 11. VariatiIon X",9,64379,False,0.372,0.0722,10,-24.857,1,0.0331,0.993,0.898,0.0886,0.324,100.924,4,classical,track_id:multiple_fields_uniqueness; track_genre:multiple_fields_uniqueness
227o6yibgqhCnZ4i0w77CE,Wolfgang Amadeus Mozart;András Schiff,Mozart - A Classical Dawn,"Fantasia in C minor, K.475: Allegro",5,88600,False,0.421,0.0837,10,-25.476,1,0.0386,0.993,0.885,0.14,0.125,66.075,4,classical,track_id:multiple_fields_uniqueness; track_genre:multiple_fields_uniqueness
6hVF0vHExRU8hD7cU8hFqS,Wolfgang Amadeus Mozart;Berliner Philharmoniker;Karl Böhm,Mozart - A Classical Dawn,"Die Zauberflöte, K. 620 / Zweiter Aufzug: Marsch der Priester",4,86333,False,0.248,0.0464,5,-30.37,1,0.0352,0.982,0.952,0.236,0.157,87.447,4,classical,track_id:multiple_fields_uniqueness; track_genre:multiple_fields_uniqueness
2wBVQEElJpTgXi0Op2yt1P,Wolfgang Amadeus Mozart;Claire-Marie Le Guay,Mozart - All Day Classics,"Piano Sonata No.14 in C Minor, K. 457: 2g. Adagio - Pt. 7",21,48960,False,0.372,0.0183,3,-31.907,1,0.0512,0.994,0.924,0.196,0.369,133.748,4,classical,track_id:multiple_fields_uniqueness; track_genre:multiple_fields_uniqueness
7wvPoDq2sE2qvRE1Trramr,Wolfgang Amadeus Mozart;New Philharmonia Orchestra;Carlo Maria Giulini,Mozart: A Night of Classics,"Symphony No. 40 In G Minor, K.550: 1. Molto allegro",9,85960,False,0.308,0.128,7,-16.179,0,0.0368,0.929,0.956,0.124,0.294,103.577,4,classical,track_id:multiple_fields_uniqueness; track_genre:multiple_fields_uniqueness
48Z50XFPDJMdZaSlAX58JP,Wolfgang Amadeus Mozart;Concerto Köln;Werner Ehrhardt,Mozart - A Classical Dawn,"Six German Dances, K.571: No. 4 in G",4,96133,False,0.57,0.177,7,-18.339,1,0.0488,0.963,0.917,0.156,0.515,96.075,1,classical,track_id:multiple_fields_uniqueness; track_genre:multiple_fields_uniqueness
2ZwjgC6JSTllAAY2lJFXQg,Wolfgang Amadeus Mozart;Hagen Quartett,Mozart - A Classical Dawn,"String Quartet No. 9 in A, K.169: 4. Rondeaux (Allegro)",5,90053,False,0.448,0.113,9,-22.262,1,0.0501,0.979,0.878,0.1,0.792,125.6,4,classical,track_id:multiple_fields_uniqueness; track_genre:multiple_fields_uniqueness
5FwMLFEARYqd9faHGljjwM,Wolfgang Amadeus Mozart;Erik Smith,Mozart: A Night of Classics,"Andantino in C, K.15b",14,67546,False,0.43,0.363,0,-17.472,1,0.0512,0.909,0.358,0.29,0.395,127.893,4,classical,track_id:multiple_fields_uniqueness; track_genre:multiple_fields_uniqueness
1QBDI0pYOFgskhDI0C7tKh,Wolfgang Amadeus Mozart;Danielle Laval,Mozart - Inspiring Classics,"8 Variations on ‘Ein Weib ist das herrlichste Ding’ by B. Schack in F, K.613: 4. Variation III",1,94438,False,0.215,0.0904,5,-22.501,1,0.0448,0.992,0.892,0.123,0.465,111.983,5,classical,track_id:multiple_fields_uniqueness; track_genre:multiple_fields_uniqueness
2YF4qV9DzrcrSyddCkpTxV,Wolfgang Amadeus Mozart;Wiener Mozart Ensemble;Willi Boskovsky,Mozart - A Classical Dawn,"Overture and Three Contredanses, K.106: Contredanse No. 3 in B Flat Major",3,99173,False,0.594,0.118,10,-17.044,1,0.043,0.977,0.367,0.0762,0.588,145.794,4,classical,track_id:multiple_fields_uniqueness; track_genre:multiple_fields_uniqueness
2lTWvfqX8itVpHvQ8EMhS6,Wolfgang Amadeus Mozart;Academy of St. Martin in the Fields;Sir Neville Marriner,Mozart - All Day Classics,"The London Sketchbook, K. 15a-ss (arr. and/or orch. E. Smith) - Three Contredanses: in F, K.15h",23,47000,False,0.661,0.042,5,-29.017,1,0.0433,0.976,0.968,0.114,0.575,82.314,4,classical,track_id:multiple_fields_uniqueness; track_genre:multiple_fields_uniqueness
2C9ZfqsCQ2bSI51q4uJHaU,Wolfgang Amadeus Mozart;Florian Birsak,Mozart - All Day Classics,"Modulating Prelude, K.284a/2",24,42586,False,0.534,0.15,0,-14.58,0,0.0422,0.984,0.2,0.248,0.53,84.359,4,classical,track_id:multiple_fields_uniqueness; track_genre:multiple_fields_uniqueness
2nYrRZDwNr6PozbY68pTF8,Wolfgang Amadeus Mozart;Arthur Grumiaux;Walter Klien,Mozart - All Day Classics,"Sonata for Piano and Violin in E flat, K.481: 3f. Variation 5",9,75986,False,0.336,0.155,0,-20.784,0,0.0399,0.99,0.791,0.153,0.871,166.114,3,classical,track_id:multiple_fields_uniqueness; track_genre:multiple_fields_uniqueness
1wUCk6Nh4c8XLAG0NdNIU5,Wolfgang Amadeus Mozart;Wiener Mozart Ensemble;Willi Boskovsky,Mozart - All Day Classics,"Overture and Three Contredanses, K.106: Overture in D, K.106",16,59760,False,0.56,0.247,2,-13.534,1,0.0601,0.924,0.957,0.0918,0.69,147.246,4,classical,track_id:multiple_fields_uniqueness; track_genre:multiple_fields_uniqueness
1AypLOhAhLxEDCOy5XGxLM,Wolfgang Amadeus Mozart;Danielle Laval,Mozart - All Day Classics,"Nine Variations in D, K.573 on a minuet by J.P. Duport: 7a. Variation VI - Pt. 1",16,63893,False,0.457,0.0343,2,-27.041,0,0.0465,0.989,0.953,0.0988,0.435,71.381,3,classical,track_id:multiple_fields_uniqueness; track_genre:multiple_fields_uniqueness
30Hm5tUVPVoJzGIEBchOT3,Wolfgang Amadeus Mozart;Danielle Laval,Mozart - All Day Classics,"8 Variations on ‘Come un agnello’ by Sarti in A, K.460: 1.Theme",15,64039,False,0.588,0.0235,9,-27.184,1,0.0855,0.994,0.963,0.104,0.502,100.233,4,classical,track_id:multiple_fields_uniqueness; track_genre:multiple_fields_uniqueness
3b4CT1QcTUXjxxhclNX5UT,Wolfgang Amadeus Mozart;Heinz Holliger;Hermann Baumann;Michel Gasciarrino;Henk Guldemond;Orlando Quartet,Mozart - A Classical Dawn,"Divertimento No. 11 in D, K.251 ""Nannerl-Septett"": 4b. Menuetto (Tema con variazioni): Var. I",6,76533,False,0.673,0.17,9,-16.804,1,0.0408,0.867,0.648,0.108,0.593,116.655,4,classical,track_id:multiple_fields_uniqueness; track_genre:multiple_fields_uniqueness
2TocLZMOpI8t0fwIYiXRU5,Wolfgang Amadeus Mozart;Mozarteum Orchestra Salzburg;Leopold Hager,Mozart - All Day Classics,"Ascanio in Alba, K.111 / Part 1: Andante grazioso",10,78800,False,0.284,0.0656,7,-22.254,1,0.0398,0.96,0.952,0.305,0.38,84.639,1,classical,track_id:multiple_fields_uniqueness; track_genre:multiple_fields_uniqueness
7dtxV1gbo3kWHiBhFywD7v,Wolfgang Amadeus Mozart;Karl-Heinz Steffens;Werner Mittelbach;Reinhold Helbich,Mozart - All Day Classics,"14 “Interval” Canons K. 508a/3-8 & K. Deest: Canons Nos. 11-14, K.508a/7-8 & K. Deest",7,90786,False,0.33,0.0423,3,-23.181,1,0.0496,0.99,0.868,0.108,0.284,86.81,4,classical,track_id:multiple_fields_uniqueness; track_genre:multiple_fields_uniqueness
6nQanke7CG03HzTKpjXlhV,Wolfgang Amadeus Mozart;English Baroque Soloists;John Eliot Gardiner,Mozart - All Day Classics,"Idomeneo, re di Creta, K.366 / Act 3: Marcia - Live",7,83666,False,0.199,0.00734,0,-39.346,1,0.0379,0.805,0.000513,0.542,0.327,94.799,4,classical,track_id:multiple_fields_uniqueness; track_genre:multiple_fields_uniqueness
03B8ZXUmuDpf59j5PIMFHq,Wolfgang Amadeus Mozart;Heinz Holliger;Academy of St. Martin in the Fields;Kenneth Sillito,Mozart - All Day Classics,"Ma che vi fece... Sperai vicino, K.368: 1. Andantino",7,86160,False,0.29,0.049,5,-24.072,1,0.0555,0.98,0.753,0.108,0.114,76.473,4,classical,track_id:multiple_fields_uniqueness; track_genre:multiple_fields_uniqueness
7gK2q5m7SDSY4MDPvv3v9c,Wolfgang Amadeus Mozart;Members of the Netherlands Wind Ensemble;Werner Herbers;Carlo Ravelli;Hans Mossel;Hens Otter;Joep Terwey;Kees Olthuis;Iman Soeteman;Jan Peeters;Hans Krul,Mozart - All Day Classics,"Don Giovanni, ossia Il dissoluto punito, K.527 - Arr. for 8 wind instruments by Johann G. Triebensee (1746-1813) - Act 1: ""Madamina, il catalogo è questo""",6,99986,False,0.495,0.144,7,-21.977,1,0.038,0.986,0.847,0.222,0.391,94.024,4,classical,track_id:multiple_fields_uniqueness; track_genre:multiple_fields_uniqueness
32By63ejJIcJka9uDcO0A9,Wolfgang Amadeus Mozart;Wiener Mozart Ensemble;Willi Boskovsky,Mozart - All Day Classics,"7 Minuets, K.65a: No. 5 in C Major",7,98560,False,0.592,0.0557,0,-20.601,1,0.0493,0.958,0.0373,0.0642,0.709,142.897,1,classical,track_id:multiple_fields_uniqueness; track_genre:multiple_fields_uniqueness
6b6CdXY3wpG7OFtp6FOwLz,Dustycloud,Golden Hour,Golden Hour,42,269695,False,0.681,0.627,8,-8.842,1,0.159,0.303,7.04e-05,0.245,0.135,125.008,4,club,track_id:multiple_fields_uniqueness; track_genre:multiple_fields_uniqueness
5CIW5yZEzjsJHI6Nv340Fk,DJ Tray,Can't Wait,Can't Wait,15,135915,False,0.827,0.511,6,-15.485,0,0.0594,0.000929,0.246,0.152,0.494,143.067,4,club,track_id:multiple_fields_uniqueness; track_genre:multiple_fields_uniqueness
6KQ0HYY0zSZVHIxFvommre,Glee Cast;Jonathan Groff,Glee LGBTQIA+ Pride,Like A Virgin (Glee Cast Version) (feat. Jonathan Groff),15,195093,False,0.679,0.845,4,-3.05,0,0.0478,0.0651,0.0,0.0841,0.763,119.989,4,club,track_id:multiple_fields_uniqueness; track_genre:multiple_fields_uniqueness
5rOzcHIZaF038jMeHkUZR0,Arca,Arca,Reverie,40,192767,False,0.251,0.554,9,-9.641,0,0.0334,0.0528,0.127,0.188,0.0764,126.224,4,club,track_id:multiple_fields_uniqueness; track_genre:multiple_fields_uniqueness
7ykxRuzU1KhQC2TZ2YDEyK,Organ Tapes,唱着那无人问津的歌谣 / Chang Zhe Na Wu Ren Wen Jin De Ge Yao,ID,15,203541,False,0.194,0.236,4,-13.885,0,0.0353,0.271,0.0275,0.0833,0.07,96.489,4,club,track_id:multiple_fields_uniqueness; track_genre:multiple_fields_uniqueness
78LblAd8UBW9GUg9L0Xeld,Tom Papa,Human Mule,Whole Foods vs. Costco,22,201233,False,0.505,0.8,5,-14.198,0,0.95,0.773,0.0,0.688,0.241,86.967,4,comedy,track_id:multiple_fields_uniqueness; track_genre:multiple_fields_uniqueness
3JSltrBE2Pe4lSDOtH5rwO,Ryan Stout,Touché,Logic,20,149506,True,0.526,0.837,1,-8.339,0,0.901,0.738,2.01e-06,0.676,0.363,102.971,3,comedy,track_id:multiple_fields_uniqueness; track_genre:multiple_fields_uniqueness
4sKqId5IFr8A4CjmdtG01f,Rodney Carrington,Morning Wood,More Of A Man,21,160026,True,0.564,0.437,4,-14.237,1,0.161,0.616,0.0,0.337,0.747,175.27,4,comedy,track_id:multiple_fields_uniqueness; track_genre:multiple_fields_uniqueness
56KrcJePC8P582pi0P2agY,Gary Gulman,The Great Depresh,In Defense of Millenials,20,245876,True,0.506,0.767,2,-13.045,1,0.929,0.828,0.0,0.403,0.306,100.238,3,comedy,track_id:multiple_fields_uniqueness; track_genre:multiple_fields_uniqueness
0kdIImE10HocARiLPkJmQ1,David Guetta;Becky Hill;Ella Henderson,Hit After Hit,Crazy What Love Can Do,0,169756,False,0.601,0.713,4,-3.758,0,0.0449,0.0282,0.0,0.158,0.464,122.872,4,dance,track_id:multiple_fields_uniqueness; track_genre:multiple_fields_uniqueness
0uzruYGkFgeSevF5kaWq7Y,David Guetta;Becky Hill;Ella Henderson,Daily Pop Mix,Crazy What Love Can Do,0,169756,False,0.601,0.713,4,-3.758,0,0.0449,0.0282,0.0,0.158,0.464,122.872,4,dance,track_id:multiple_fields_uniqueness; track_genre:multiple_fields_uniqueness
1bBIW9ldf7Ehk0oLeNeTj7,David Guetta;Chris Willis;Fergie;LMFAO,EDM Hits,Gettin' over You - Aviccii's Vocal Mix at Night,0,377013,False,0.624,0.81,1,-8.307,1,0.039,0.00269,0.0186,0.169,0.271,127.989,4,dance,track_id:multiple_fields_uniqueness; track_genre:multiple_fields_uniqueness
6IVJu4WfDBGvzTnutmc9Py,Bruno Mars;Anderson .Paak;Silk Sonic,Slow Down Soul,Love's Train,5,307014,False,0.71,0.625,6,-9.008,0,0.0295,0.029,1.1e-05,0.108,0.784,140.994,4,dance,track_id:multiple_fields_uniqueness; track_genre:multiple_fields_uniqueness
4xCM9zy2m4MfsC8EP00rBz,Bruno Mars;Anderson .Paak;Silk Sonic,Hip Hop & R'n'B,Smokin out the Window,0,197442,False,0.627,0.618,2,-8.529,1,0.0437,0.0558,0.0,0.351,0.848,82.03,4,dance,track_id:multiple_fields_uniqueness; track_genre:multiple_fields_uniqueness
4wvrMJx6Y1Vc5ZZ2KR518W,Bruno Mars;Anderson .Paak;Silk Sonic,New RnB,Skate,0,203122,False,0.708,0.598,5,-8.365,1,0.0291,0.037,0.0,0.17,0.698,112.027,4,dance,track_id:multiple_fields_uniqueness; track_genre:multiple_fields_uniqueness
04Rwlix3S6i0JeprqsC8Cx,Bruno Mars;Anderson .Paak;Silk Sonic,20's R'n'B,Love's Train,0,307014,False,0.71,0.625,6,-9.008,0,0.0295,0.029,1.1e-05,0.108,0.784,140.994,4,dance,track_id:multiple_fields_uniqueness; track_genre:multiple_fields_uniqueness
1COGvQEAtPxisowBQjZyZ1,Bruno Mars,Music for Rainy Days,It Will Rain,0,257720,False,0.572,0.835,2,-6.826,1,0.0516,0.337,0.0,0.082,0.468,150.014,4,dance,track_id:multiple_fields_uniqueness; track_genre:multiple_fields_uniqueness
4FFtbSBa31aw38ld7zW73Z,Lady Gaga,Halloween Party 2022,Poker Face,0,238906,False,0.851,0.818,4,-4.637,1,0.0789,0.112,2.94e-06,0.0945,0.808,119.006,4,dance,track_id:multiple_fields_uniqueness; track_genre:multiple_fields_uniqueness
3IPpVTudk50Hj4VThfdzBP,Sia,Merry Christmas,Snowman,3,165906,False,0.716,0.511,1,-6.257,1,0.0332,0.483,0.0,0.0928,0.324,104.964,3,dance,track_id:multiple_fields_uniqueness; track_genre:multiple_fields_uniqueness
0GDAt9fPbs9tPqg2n4ne5u,Charlie Puth;Jung Kook,New Arrivals,Left and Right,0,154486,False,0.881,0.592,2,-4.898,1,0.0324,0.619,1.32e-05,0.0901,0.719,101.058,4,dance,track_id:multiple_fields_uniqueness; track_genre:multiple_fields_uniqueness
40z4EMfyGwTp5Tk48mu7Os,Charlie Puth,Music for Rainy Days,One Call Away,0,194453,False,0.667,0.613,1,-5.353,1,0.0345,0.4,0.0,0.115,0.472,91.024,4,dance,track_id:multiple_fields_uniqueness; track_genre:multiple_fields_uniqueness
0tkxzOtc2gvIueuXNFLyfZ,Bebe Rexha;Pink Sweat$;Lunay,20's R'n'B,On the Go,0,179397,False,0.716,0.709,11,-4.683,0,0.0529,0.0749,0.00261,0.182,0.434,100.059,4,dance,track_id:multiple_fields_uniqueness; track_genre:multiple_fields_uniqueness
6X17fdWVg6fsBPafs32JJi,Bebe Rexha;Pink Sweat$;Lunay,Midnight Music,On the Go,0,179397,False,0.716,0.709,11,-4.683,0,0.0529,0.0749,0.00261,0.182,0.434,100.059,4,dance,track_id:multiple_fields_uniqueness; track_genre:multiple_fields_uniqueness
2xD97n8xCT3uAQ2Y9O7fcN,Bebe Rexha;David Guetta,EDM Hits,Last Hurrah - David Guetta Remix,0,191868,False,0.682,0.711,11,-6.956,0,0.0534,0.105,1.83e-06,0.21,0.597,91.033,4,dance,track_id:multiple_fields_uniqueness; track_genre:multiple_fields_uniqueness
0EpO6LZgIlxTUHE2e1ckCa,Tiësto;Ava Max,Hit After Hit,The Motto,0,164818,False,0.754,0.763,7,-4.627,0,0.0435,0.0301,2.23e-05,0.0901,0.464,117.953,4,dance,track_id:multiple_fields_uniqueness; track_genre:multiple_fields_uniqueness
4e5s77PZaf4ulqs5bFeik9,Tiësto;Charli XCX,Brandneu Dance,Hot in It,0,129817,False,0.748,0.841,7,-5.08,1,0.177,0.00445,1.33e-06,0.0413,0.717,123.045,4,dance,track_id:multiple_fields_uniqueness; track_genre:multiple_fields_uniqueness
3TQmLgeTRbZfabmAEC4Mbe,Kim Petras,Halloween Songs | Witches Hour,There Will Be Blood,2,197651,False,0.563,0.879,0,-4.735,0,0.0907,0.00125,1.76e-05,0.166,0.602,107.013,4,dance,track_id:multiple_fields_uniqueness; track_genre:multiple_fields_uniqueness
2bIllkzKKCotWs0AuCsIoh,Burna Boy;Wizkid,2Step - Pop R'n'B,B. D’OR,2,189800,False,0.873,0.658,4,-8.031,0,0.108,0.00858,0.0061,0.0999,0.483,104.033,4,dance,track_id:multiple_fields_uniqueness; track_genre:multiple_fields_uniqueness
7BDQlgM0pemXy3b4AbpBEp,Burna Boy,Good Vibes,Last Last,1,172342,False,0.795,0.565,3,-4.457,0,0.0948,0.131,0.0,0.0802,0.55,87.925,4,dance,track_id:multiple_fields_uniqueness; track_genre:multiple_fields_uniqueness
5gk0dcTvWZGg7Tlq8PEfNe,Burna Boy;Stormzy,New RnB,Real Life,0,197933,True,0.594,0.568,0,-7.268,1,0.0701,0.147,4.01e-05,0.339,0.407,132.348,5,dance,track_id:multiple_fields_uniqueness; track_genre:multiple_fields_uniqueness
7lvUf1BLEZuuwhbc9xeR12,Burna Boy,Pop Hits Now,Last Last,0,172342,False,0.795,0.565,3,-4.457,0,0.0948,0.131,0.0,0.0802,0.55,87.925,4,dance,track_id:multiple_fields_uniqueness; track_genre:multiple_fields_uniqueness
41cDKFuTigPfBWyLYQKMsO,Burna Boy,New Arrivals,Last Last,0,172342,False,0.795,0.565,3,-4.457,0,0.0948,0.131,0.0,0.0802,0.55,87.925,4,dance,track_id:multiple_fields_uniqueness; track_genre:multiple_fields_uniqueness
2qSnqsLv7b9GbWFhyZJwMM,Burna Boy;Blxst;Kehlani,The Look - R&B Feels,Solid,0,195134,True,0.554,0.509,1,-9.429,1,0.339,0.149,1.86e-05,0.094,0.718,199.874,4,dance,track_id:multiple_fields_uniqueness; track_genre:multiple_fields_uniqueness
2cFjQQ33h8NiQAKqpJGhgd,Burna Boy,20's R'n'B,Last Last,0,172342,False,0.795,0.565,3,-4.457,0,0.0948,0.131,0.0,0.0802,0.55,87.925,4,dance,track_id:multiple_fields_uniqueness; track_genre:multiple_fields_uniqueness
0t1CW2tjQq45DEdo7thJo1,Burna Boy,Hip Hop & R'n'B,Last Last,0,172342,False,0.795,0.565,3,-4.457,0,0.0948,0.131,0.0,0.0802,0.55,87.925,4,dance,track_id:multiple_fields_uniqueness; track_genre:multiple_fields_uniqueness
6WzN3h2OjVhmBwnkUNNiGz,Burna Boy;Ed Sheeran,All That Really Matters - Just Hits,For My Hand,0,159123,False,0.87,0.479,9,-7.779,1,0.165,0.161,0.000157,0.209,0.717,104.059,4,dance,track_id:multiple_fields_uniqueness; track_genre:multiple_fields_uniqueness
61f7OTlfrjrZqZc8YZtNGd,Burna Boy;Stormzy,CruiseControl: How I Met The Biggest Bird (DJ Mix),Real Life (Mixed),4,124000,True,0.437,0.592,0,-9.726,1,0.299,0.181,6.45e-06,0.331,0.632,75.493,3,dance,track_id:multiple_fields_uniqueness; track_genre:multiple_fields_uniqueness
323uxL7lyIOJhkpzZMW5iD,Burna Boy;Lily Allen,Am I Ready - Pop Night Out,Heaven's Gate,0,202446,True,0.845,0.854,4,-5.897,0,0.197,0.0376,1.45e-05,0.343,0.636,102.008,4,dance,track_id:multiple_fields_uniqueness; track_genre:multiple_fields_uniqueness
1JaKuvkBdcr6ym021X2Pq6,Avicii;Agnes;Vargas & Lagola,pov: it's 2019,Tough Love,0,191248,False,0.402,0.755,8,-4.837,1,0.043,0.143,0.0,0.357,0.622,108.17,4,dance,track_id:multiple_fields_uniqueness; track_genre:multiple_fields_uniqueness
6KDNxqCFmCGu0yd27xvnSG,Black Eyed Peas,Обратно в клас - pop,I Gotta Feeling,1,289493,False,0.746,0.793,0,-5.725,1,0.0265,0.0519,0.0,0.421,0.656,127.973,4,dance,track_id:multiple_fields_uniqueness; track_genre:multiple_fields_uniqueness
5fvESB5vBG8Rs3bYkNrbQX,Robin Schulz;Tom Walker,Back to School!,Sun Will Shine,0,201700,False,0.534,0.714,6,-6.347,0,0.0629,0.00633,0.0,0.0879,0.415,125.99,4,dance,track_id:multiple_fields_uniqueness; track_genre:multiple_fields_uniqueness
0XDo1WmF8c70NuTZcMP2FH,Robin Schulz;David Guetta,WORKOUT MOTIVATION,On Repeat,0,190217,False,0.609,0.801,1,-8.483,0,0.0694,0.0246,0.00255,0.37,0.202,122.958,4,dance,track_id:multiple_fields_uniqueness; track_genre:multiple_fields_uniqueness
7795WJLVKJoAyVoOtCWqXN,Sam Smith,In The Lonely Hour,I'm Not The Only One,88,239316,False,0.677,0.485,5,-5.795,1,0.0361,0.529,2.04e-05,0.0766,0.493,82.001,4,dance,track_id:multiple_fields_uniqueness; track_genre:multiple_fields_uniqueness
5ECXNOI8OA9Or0JRogCqTK,Flo Rida,Feeling Good,Good Feeling,0,248133,False,0.706,0.89,1,-4.447,0,0.0687,0.0588,0.00288,0.305,0.685,128.012,4,dance,track_id:multiple_fields_uniqueness; track_genre:multiple_fields_uniqueness
65VYeetBIq8z0vdDeoTw2l,Mavado,Gangsta For Life: The Symphony Of David Brooks,Squeeze Breast,28,174160,False,0.821,0.666,10,-7.129,0,0.135,0.222,0.0,0.14,0.582,123.815,4,dancehall,track_id:multiple_fields_uniqueness; track_genre:multiple_fields_uniqueness
1tljL0wMsgPrmDz3KqpuDT,Nervosa,Perpetual Chaos,Kings of Domination,22,221007,False,0.461,0.933,9,-8.366,1,0.0447,4.05e-06,0.0447,0.13,0.12,139.982,4,death-metal,track_id:multiple_fields_uniqueness; track_genre:multiple_fields_uniqueness
0RNdlFw9TaimQ6syL8rgCh,Seizo,Oh Baby,Oh Baby,55,159895,False,0.695,0.8,8,-5.011,1,0.0345,0.0278,0.00118,0.118,0.39,124.022,4,deep-house,track_id:multiple_fields_uniqueness; track_genre:multiple_fields_uniqueness
6WN6igAeshqOoQu0q2GoJG,Harold van Lennep,Liberation (Re-Edit),Liberation - Re-Edit,54,176156,False,0.656,0.759,3,-8.549,1,0.0926,0.313,0.849,0.135,0.313,103.015,4,deep-house,track_id:multiple_fields_uniqueness; track_genre:multiple_fields_uniqueness
1rMc6JsBrfyLx2wgZGofcK,Theo Parrish,Wuddaji,Radar Detector,8,377286,False,0.798,0.753,1,-7.878,1,0.119,0.0253,0.934,0.106,0.492,121.764,4,detroit-techno,track_id:multiple_fields_uniqueness; track_genre:multiple_fields_uniqueness
18QDw3hCsKrkPDyTme2kEJ,Aril Brikha,Forever Frost,Tundra - Original Mix,5,406000,False,0.749,0.862,5,-11.073,0,0.0476,0.0206,0.912,0.0312,0.896,125.995,4,detroit-techno,track_id:multiple_fields_uniqueness; track_genre:multiple_fields_uniqueness
4CGNLY0PVsVGubWkee0lbO,Benny Martin;The Wong Janice,Lovely (Piano & Cello),Lovely - Piano & Cello,38,180931,False,0.307,0.152,4,-16.993,0,0.035,0.983,0.887,0.148,0.167,127.512,4,disney,track_id:multiple_fields_uniqueness; track_genre:multiple_fields_uniqueness
1jJiM8kiIRSZ95xhLmoQZr,Delta Heavy;Koven,FEEL,FEEL,52,220711,False,0.45,0.914,9,-0.513,0,0.0376,0.0121,0.000402,0.121,0.424,174.087,4,drum-and-bass,track_id:multiple_fields_uniqueness; track_genre:multiple_fields_uniqueness
5fGYsQIipt0ZYwEtcedXDm,High Contrast,Tough Guys Don't Dance,Tread Softly,17,370986,False,0.44,0.968,10,-4.208,0,0.0842,6.56e-05,0.553,0.667,0.092,173.081,4,drum-and-bass,track_id:multiple_fields_uniqueness; track_genre:multiple_fields_uniqueness
5NOds8na1gzgwXlAo1eGoh,Friction;Poppy Baskcomb,I Need To Feel,I Need To Feel,48,216551,False,0.492,0.918,5,-3.801,0,0.0542,0.00885,0.000662,0.0682,0.0385,173.865,4,drum-and-bass,track_id:multiple_fields_uniqueness; track_genre:multiple_fields_uniqueness
3lClZfQVRdEHFDSA4LF34K,Netsky;Jimmy Jams,2 Deluxe,Squad Up,16,224639,False,0.513,0.961,7,-3.241,1,0.109,0.0152,2.13e-06,0.173,0.453,87.054,4,drum-and-bass,track_id:multiple_fields_uniqueness; track_genre:multiple_fields_uniqueness
76Vru4DRz1zPrr1lpdVYaR,Tritonal,Tritonia 399,Tritonia (Tritonia 399) - Round Up,21,58197,False,0.381,0.78,2,-9.573,1,0.288,0.0318,0.0,0.428,0.244,73.557,5,dub,track_id:multiple_fields_uniqueness; track_genre:multiple_fields_uniqueness
1v4wTGL3HAAUDcLjJXiQWG,Extra Terra,Convergence 2045,Cyberpunk,42,218259,False,0.597,0.92,11,-4.524,1,0.0553,0.000247,0.844,0.109,0.135,101.975,4,dubstep,track_id:multiple_fields_uniqueness; track_genre:multiple_fields_uniqueness
6j1yDGV547WxP9NZQ44pUd,Avicii,Autopilot,Wake Me Up - Radio Edit,1,246813,False,0.524,0.807,2,-4.16,1,0.0579,0.00415,0.000834,0.212,0.62,124.127,4,edm,track_id:multiple_fields_uniqueness; track_genre:multiple_fields_uniqueness
2MhZbxhjQf9WunW7Jc4kX4,Avicii,Electro sounds,Wake Me Up - Radio Edit,0,246813,False,0.524,0.807,2,-4.16,1,0.0579,0.00415,0.000834,0.212,0.62,124.127,4,edm,track_id:multiple_fields_uniqueness; track_genre:multiple_fields_uniqueness
5JDmVwlWTzbwpxm1Qx9oFh,Robin Schulz;David Guetta,From The Ashes - New Beats,On Repeat,0,190217,False,0.609,0.801,1,-8.483,0,0.0694,0.0246,0.00255,0.37,0.202,122.958,4,edm,track_id:multiple_fields_uniqueness; track_genre:multiple_fields_uniqueness
3jbAzLVcHiI5hYSkcKe1Ty,Martin Garrix;G-Eazy;Sasha Alex Sloan,Love Runs Out (feat. G-Eazy & Sasha Alex Sloan),Love Runs Out (feat. G-Eazy & Sasha Alex Sloan),63,164166,False,0.647,0.642,9,-7.306,0,0.0743,0.262,0.0,0.134,0.48,90.045,4,edm,track_id:multiple_fields_uniqueness; track_genre:multiple_fields_uniqueness
2SU8oUjV8T8BEKqJYbVFou,Rudimental;Anne-Marie;Tion Wayne,Hot Mix Pop,Come Over,1,206657,False,0.797,0.672,8,-6.135,1,0.0477,0.0442,0.0027,0.149,0.561,131.978,4,edm,track_id:multiple_fields_uniqueness; track_genre:multiple_fields_uniqueness
6IBcJbetgmkM0tLna5rq1q,twocolors,pov: it's 2021,Bloodstream,0,180619,False,0.586,0.715,11,-5.962,0,0.159,0.013,1.15e-06,0.54,0.59,120.971,4,edm,track_id:multiple_fields_uniqueness; track_genre:multiple_fields_uniqueness
7y3c1oJMY1CwwtOZ84Qovu,Regard;Years & Years,Hallucination,Hallucination,74,174794,True,0.687,0.788,6,-5.142,0,0.0352,0.0121,0.0,0.358,0.669,123.02,4,edm,track_id:multiple_fields_uniqueness; track_genre:multiple_fields_uniqueness
3dJjsWCy6ZwMfw5NbD226G,Wisin & Yandel;Anthony Santos,Reggeaton Imperdible,Noche De Sexo,1,205773,True,0.721,0.714,11,-5.436,0,0.234,0.107,0.0,0.562,0.506,94.002,4,electro,track_id:multiple_fields_uniqueness; track_genre:multiple_fields_uniqueness
5y0nMZC5kF6uLYaLc97mSo,DJ Snake;J Balvin;Tyga,Fiesta portatil,Loco Contigo,0,185194,False,0.827,0.757,6,-2.985,0,0.0564,0.283,1.56e-06,0.102,0.374,95.983,4,electro,track_id:multiple_fields_uniqueness; track_genre:multiple_fields_uniqueness
4bLCib4WnSGbkPTx6hln2x,Steely Dan,On air 70's Hits,Reelin' In The Years,0,275466,False,0.52,0.758,2,-9.92,1,0.0363,0.115,0.0,0.109,0.706,135.349,4,folk,track_id:multiple_fields_uniqueness; track_genre:multiple_fields_uniqueness
4DAR1lX8D0pFUWmjrlnMro,Bonde do gato preto,São João do Gato Preto,Fogo Sem Fuzil,40,132075,False,0.71,0.79,8,-2.452,1,0.0641,0.627,0.0,0.0784,0.917,180.26,4,forro,track_id:multiple_fields_uniqueness; track_genre:multiple_fields_uniqueness
6U3aPT60I5xFkVybFIMYrE,Eric Land,Cidade Inteira,Cidade Inteira,38,233546,False,0.419,0.814,7,-7.923,1,0.0386,0.381,0.00742,0.134,0.798,111.982,5,forro,track_id:multiple_fields_uniqueness; track_genre:multiple_fields_uniqueness
5uuFQR6tOujYUK5LteeV0Q,Amel Bent,Délit Mineur,Je reste,33,196853,False,0.589,0.715,0,-5.775,1,0.0344,0.286,0.0,0.205,0.628,144.012,4,french,track_id:multiple_fields_uniqueness; track_genre:multiple_fields_uniqueness
623TdbJc1yLr8dIepsFV2v,Zedd;Maren Morris;Grey,Queda poco para la PAES,The Middle,0,184732,False,0.753,0.657,7,-3.061,1,0.045,0.173,0.0,0.112,0.435,107.013,4,german,track_id:multiple_fields_uniqueness; track_genre:multiple_fields_uniqueness
4HGq8ZzrPOtXxNEXN4XGFu,Zedd;Alessia Cara,Beginner Ride (Mixtape Vol. 1),Stay,0,210400,False,0.689,0.623,5,-5.025,0,0.0621,0.254,0.0,0.113,0.546,101.998,4,german,track_id:multiple_fields_uniqueness; track_genre:multiple_fields_uniqueness
2k07yELPvHZEqwdRzROUpc,Hans Zimmer;Adam Lukas;James Everingham;AURORA,Frozen Planet II (Original Television Soundtrack),Losing Ice,29,146053,False,0.0898,0.232,9,-17.636,0,0.0451,0.743,0.943,0.104,0.0345,85.811,4,german,track_id:multiple_fields_uniqueness; track_genre:multiple_fields_uniqueness
2XWUx6XUxQ8wssuwKzISgN,Hans Zimmer;Adam Lukas;James Everingham,Frozen Planet II (Original Television Soundtrack),Fidgety Bedfellow,31,109388,False,0.365,0.218,0,-19.379,0,0.0383,0.761,0.799,0.118,0.0572,80.911,5,german,track_id:multiple_fields_uniqueness; track_genre:multiple_fields_uniqueness
1SqYuY5S4sRHcccnjckhhm,Hans Zimmer;Adam Lukas;James Everingham,Frozen Planet II (Original Television Soundtrack),Hunting Grounds,26,244494,False,0.111,0.284,2,-15.98,1,0.038,0.396,0.95,0.0726,0.0787,180.118,3,german,track_id:multiple_fields_uniqueness; track_genre:multiple_fields_uniqueness
02KmEChUwcjxG3G29kbLFT,Hans Zimmer;Henning Lohner;Martin Tillman;Fiachra Trench,Hans Zimmer: Epic Scores,Shelter Mountain,16,250520,False,0.144,0.262,9,-21.228,1,0.0641,0.876,0.755,0.144,0.0345,94.43,4,german,track_id:multiple_fields_uniqueness; track_genre:multiple_fields_uniqueness
04TwPJDhekbMYYKU5eiOsH,Hans Zimmer,Hans Zimmer: Epic Scores,Main Theme [Rain Man] - Edit,27,288600,False,0.188,0.28,9,-21.957,0,0.0348,0.11,0.878,0.0926,0.177,165.838,4,german,track_id:multiple_fields_uniqueness; track_genre:multiple_fields_uniqueness
6IzTjoU9t5DiBN4BmiWBB8,Hans Zimmer;Henning Lohner;Martin Tillman;Fiachra Trench,Hans Zimmer: Epic Scores,She Never Sleeps,24,137400,False,0.358,0.136,2,-19.801,1,0.0375,0.0019,0.852,0.253,0.0728,72.661,4,german,track_id:multiple_fields_uniqueness; track_genre:multiple_fields_uniqueness
3yHLLuFASZSOohpEaiU5V7,Hans Zimmer;Lisa Gerrard;Gavin Greenaway;The Lyndhurst Orchestra,Hans Zimmer: Epic Scores,"Rome Is The Light - From ""Gladiator"" Soundtrack",20,163706,False,0.266,0.34,7,-14.455,1,0.0447,0.609,0.00438,0.11,0.0722,119.053,4,german,track_id:multiple_fields_uniqueness; track_genre:multiple_fields_uniqueness
0jI5ex80hYYbLQsX3G5Ze7,Hans Zimmer;Henning Lohner;Martin Tillman;Fiachra Trench,Hans Zimmer: Epic Scores,The Well,12,684626,False,0.235,0.0975,9,-25.217,0,0.0345,0.946,0.828,0.107,0.0361,145.033,3,german,track_id:multiple_fields_uniqueness; track_genre:multiple_fields_uniqueness
6dRsdEZecjy9nbGPYxLaPL,Hans Zimmer;Gavin Greenaway;The Lyndhurst Orchestra,Hans Zimmer: Epic Scores,"Honor Him - From ""Gladiator"" Soundtrack",27,79840,False,0.194,0.105,6,-23.824,0,0.0418,0.857,0.884,0.117,0.0392,68.08,4,german,track_id:multiple_fields_uniqueness; track_genre:multiple_fields_uniqueness
2W0U2k7mG3pjeavi6FK27N,Hans Zimmer;Lisa Gerrard;Gavin Greenaway;The Lyndhurst Orchestra,Hans Zimmer: Epic Scores,"The General Who Became A Slave - From ""Gladiator"" Soundtrack",20,183293,False,0.259,0.222,6,-22.052,0,0.0313,0.017,0.79,0.112,0.0909,99.882,3,german,track_id:multiple_fields_uniqueness; track_genre:multiple_fields_uniqueness
2f89mnDIEGKgEwh3l94W7n,Hans Zimmer,Hans Zimmer: Epic Scores,Ashes To Ashes,16,283293,False,0.362,0.395,9,-15.398,1,0.0401,0.151,0.835,0.112,0.0288,99.993,3,german,track_id:multiple_fields_uniqueness; track_genre:multiple_fields_uniqueness
5sP7Jb0FBF2fatb1CZ3zpa,Hans Zimmer;Lisa Gerrard;Gavin Greenaway;The Lyndhurst Orchestra,Hans Zimmer: Epic Scores,"The Gladiator Waltz - From ""Gladiator"" Soundtrack",12,505200,False,0.339,0.429,8,-15.441,1,0.0472,0.159,0.903,0.109,0.238,171.495,3,german,track_id:multiple_fields_uniqueness; track_genre:multiple_fields_uniqueness
3TpjrKlVHnR6KdSPc0CUOn,Hans Zimmer;Adam Lukas;James Everingham;AURORA,Frozen Planet II (Original Television Soundtrack),Scars of the Earth,25,146667,False,0.0608,0.119,5,-20.289,0,0.0421,0.902,0.974,0.087,0.0315,63.661,4,german,track_id:multiple_fields_uniqueness; track_genre:multiple_fields_uniqueness
5At4JXNbsbGcmPoH67fULT,Hans Zimmer;Lisa Gerrard;Gavin Greenaway;The Lyndhurst Orchestra,Hans Zimmer: Epic Scores,"Secrets - From ""Gladiator"" Soundtrack",24,119293,False,0.166,0.0367,9,-31.02,1,0.0501,0.877,0.987,0.101,0.0266,132.848,3,german,track_id:multiple_fields_uniqueness; track_genre:multiple_fields_uniqueness
6IzTjoU9t5DiBN4BmiWBB8,Hans Zimmer;Henning Lohner;Martin Tillman;Fiachra Trench,Hans Zimmer: Epic Scores,She Never Sleeps,24,137400,False,0.358,0.136,2,-19.801,1,0.0375,0.0019,0.852,0.253,0.0728,72.661,4,german,track_id:multiple_fields_uniqueness; track_genre:multiple_fields_uniqueness
0KF7oxjAZ2upNsW6m30iT5,Hans Zimmer;Richard Harvey,Hans Zimmer: Epic Scores,Fructus Gravis,21,169560,False,0.0892,0.117,0,-20.242,1,0.0469,0.591,0.812,0.324,0.0368,72.35,4,german,track_id:multiple_fields_uniqueness; track_genre:multiple_fields_uniqueness
50XBRLPcMBn5vQFN1m6tLI,Hans Zimmer;Henning Lohner;Martin Tillman;Fiachra Trench,Hans Zimmer: Epic Scores,This Is Going To Hurt,21,167133,False,0.234,0.381,2,-20.132,1,0.0875,0.801,0.87,0.138,0.0384,179.984,3,german,track_id:multiple_fields_uniqueness; track_genre:multiple_fields_uniqueness
6VLOveGOgEGUwtodsFcXP3,Hans Zimmer,Hans Zimmer: Epic Scores,Mogadishu Blues,21,173520,False,0.489,0.105,7,-20.021,1,0.0442,0.699,0.728,0.0724,0.0806,99.399,4,german,track_id:multiple_fields_uniqueness; track_genre:multiple_fields_uniqueness
1IwUhWG4Cp5808qsErE7PU,Hans Zimmer;Lisa Gerrard;Gavin Greenaway;The Lyndhurst Orchestra,Hans Zimmer: Epic Scores,"Busy Little Bee - From ""Gladiator"" Soundtrack",18,227800,False,0.109,0.0857,1,-27.12,1,0.0395,0.723,0.294,0.131,0.0353,81.885,4,german,track_id:multiple_fields_uniqueness; track_genre:multiple_fields_uniqueness
0jI5ex80hYYbLQsX3G5Ze7,Hans Zimmer;Henning Lohner;Martin Tillman;Fiachra Trench,Hans Zimmer: Epic Scores,The Well,12,684626,False,0.235,0.0975,9,-25.217,0,0.0345,0.946,0.828,0.107,0.0361,145.033,3,german,track_id:multiple_fields_uniqueness; track_genre:multiple_fields_uniqueness
3DKI4ZKPLQb1Pk2uTR1zR0,Hans Zimmer;Richard Harvey,Hans Zimmer: Epic Scores,Rose Of Arimathea,12,491773,False,0.0669,0.021,10,-27.525,1,0.0413,0.922,0.903,0.101,0.0363,74.952,3,german,track_id:multiple_fields_uniqueness; track_genre:multiple_fields_uniqueness
78inOqr5FIoUQisujuI98j,Hans Zimmer;Lebo Morake;Lebo M.;Keswa,Hans Zimmer: Epic Scores,Lea Halalela [The Lion King],13,359840,False,0.273,0.527,9,-12.993,0,0.0767,0.47,0.000762,0.648,0.242,160.292,4,german,track_id:multiple_fields_uniqueness; track_genre:multiple_fields_uniqueness
7oWwsoYwHZhfAz54z99k9b,Hans Zimmer;Orchestra,Hans Zimmer: Epic Scores,Suite [Nine Months],11,313880,False,0.0621,0.19,5,-18.785,1,0.0398,0.883,0.853,0.688,0.0518,62.983,4,german,track_id:multiple_fields_uniqueness; track_genre:multiple_fields_uniqueness
6yvP7U0E9awMyxTSSFo2at,Hans Zimmer;Heitor Pereira,Hans Zimmer: Epic Scores,Nyah And Ethan [Mission: Impossible 2],14,407586,False,0.354,0.276,11,-17.697,0,0.0457,0.86,0.883,0.693,0.187,94.46,3,german,track_id:multiple_fields_uniqueness; track_genre:multiple_fields_uniqueness
5sP7Jb0FBF2fatb1CZ3zpa,Hans Zimmer;Lisa Gerrard;Gavin Greenaway;The Lyndhurst Orchestra,Hans Zimmer: Epic Scores,"The Gladiator Waltz - From ""Gladiator"" Soundtrack",12,505200,False,0.339,0.429,8,-15.441,1,0.0472,0.159,0.903,0.109,0.238,171.495,3,german,track_id:multiple_fields_uniqueness; track_genre:multiple_fields_uniqueness
54oEOJSjmvxNN8NzgzDsJq,Sarah Connor,All I Want For Christmas Is You,Christmas In My Heart,0,288440,False,0.649,0.517,9,-5.227,0,0.0273,0.54,0.0,0.0601,0.185,119.968,4,german,track_id:multiple_fields_uniqueness; track_genre:multiple_fields_uniqueness
359PHdNHrEdBeFXzLC7TJJ,Mickie Krause,Ballermann Hits Party 2023,Für Dich,0,229740,False,0.643,0.996,5,-2.635,1,0.0775,0.0059,0.0,0.163,0.382,139.966,4,german,track_id:multiple_fields_uniqueness; track_genre:multiple_fields_uniqueness
75WqM7UN2eS7Bu7qhJ2UmZ,Mickie Krause,Ernte 2k23,Geh mal Bier hol'n - GmBh,0,187053,False,0.612,0.997,1,-2.524,1,0.204,0.0185,0.0,0.335,0.545,139.989,4,german,track_id:multiple_fields_uniqueness; track_genre:multiple_fields_uniqueness
1Il91bqC3Foqjfdh1IunFU,Mickie Krause,Best Of Karneval,Mich hat ein Engel geküsst,0,227026,False,0.527,0.993,9,-2.68,1,0.273,0.109,0.0,0.961,0.546,133.135,4,german,track_id:multiple_fields_uniqueness; track_genre:multiple_fields_uniqueness
2KqyN0BfxznJIeWxGxXHm5,Mickie Krause,Best Of Karneval,"Biste braun, kriegste Fraun - Version 2015",0,185217,False,0.819,0.708,0,-4.706,1,0.0605,0.0157,8.62e-05,0.081,0.363,127.992,4,german,track_id:multiple_fields_uniqueness; track_genre:multiple_fields_uniqueness
3KN8XPsoTfqgBROxNW6Gce,K.I.Z,Hahnenkampf,Ellenbogengesellschaft (Pogen),40,221853,False,0.612,0.737,7,-6.332,1,0.322,0.0122,0.0,0.08,0.597,182.177,4,german,track_id:multiple_fields_uniqueness; track_genre:multiple_fields_uniqueness
1YOjbom11usDpFDWNuX2dM,Nizi19;Karamel19,Pass,Pass,38,163000,True,0.736,0.664,1,-7.118,0,0.309,0.116,0.0,0.107,0.603,130.064,4,german,track_id:multiple_fields_uniqueness; track_genre:multiple_fields_uniqueness
6WZgvrMyl5WHchJ2YBcEwH,Sean Finn;Amanda Wilson;Vol2Cat,"Naked House, Vol. 3",For Tonight - Vol2Cat Remix,0,238285,False,0.747,0.728,4,-4.785,0,0.0521,0.0376,0.0173,0.0714,0.694,125.996,4,german,track_id:multiple_fields_uniqueness; track_genre:multiple_fields_uniqueness
0uQDZlrvOS4ZuKhJulZUdO,Sean Finn;David Moore,"Swanky Club House, Vol. 1",Let You Go - Radio-Edit,0,228810,False,0.746,0.642,0,-4.534,1,0.0413,0.000962,0.0043,0.0508,0.819,127.994,4,german,track_id:multiple_fields_uniqueness; track_genre:multiple_fields_uniqueness
3D3B4x1xSCyZkFwxuTvCSr,Tube & Berger;Alegant,"Disco Disko, Vol. 2",Come Closer Girl - Retrolove Edit,0,178264,False,0.626,0.809,8,-6.709,0,0.0364,0.00187,0.153,0.429,0.383,123.983,4,german,track_id:multiple_fields_uniqueness; track_genre:multiple_fields_uniqueness
07rWaFwTzLkyWg2zfQ30ni,Sérgio Lopes,O Amor de Deus,Entre Nós Outra Vez,40,374400,False,0.474,0.499,9,-9.081,0,0.0286,0.499,3.74e-06,0.656,0.161,76.021,4,gospel,track_id:multiple_fields_uniqueness; track_genre:multiple_fields_uniqueness
46IooGCO1Djy8X4a5Rm7yG,Roffe Ruff,Och han älskade dom alla,Krokodiltårar,25,179500,False,0.8,0.631,1,-7.011,1,0.211,0.104,0.0,0.366,0.67,83.004,4,goth,track_id:multiple_fields_uniqueness; track_genre:multiple_fields_uniqueness
6FBOCvFNx6C0f6tW6WrqoK,Napalm Death,From Enslavement To Obliteration,Mentally Murdered,13,133893,False,0.177,0.89,2,-8.5,1,0.0519,1.3e-06,0.952,0.186,0.482,106.17,4,grindcore,track_id:multiple_fields_uniqueness; track_genre:multiple_fields_uniqueness
66NRh7qjqbU0GaIuuK8NyP,Brutal Truth,Sounds of the Animal Kingdom / Kill Trend Suicide,K.A.P.,12,83240,False,0.144,0.837,2,-3.044,1,0.0829,3.11e-06,0.887,0.682,0.0306,94.099,4,grindcore,track_id:multiple_fields_uniqueness; track_genre:multiple_fields_uniqueness
6qrjTwGCB0fnixuaXi7JLQ,Novo Som;Catedral,Mais Que Amigos = Irmãos (Ao Vivo),Escrevi - Ao Vivo,29,301306,False,0.262,0.736,0,-4.306,1,0.036,0.155,0.0,0.811,0.217,140.322,4,groove,track_id:multiple_fields_uniqueness; track_genre:multiple_fields_uniqueness
7A9EaHBlR4gLqDzeJGumYa,Mpirgkel,Bubbles (Radio Mix),Bubbles - Radio Mix,39,166857,False,0.733,0.458,4,-12.526,0,0.105,0.166,1.37e-05,0.0868,0.166,104.981,4,groove,track_id:multiple_fields_uniqueness; track_genre:multiple_fields_uniqueness
0dIipTYASaFwX1QxVrVFV7,Pearl Jam,Yield,Do the Evolution,61,231253,False,0.466,0.981,10,-5.011,1,0.063,0.00041,0.0108,0.0673,0.325,140.643,4,grunge,track_id:multiple_fields_uniqueness; track_genre:multiple_fields_uniqueness
2269gvVfETAflSDZIlvqN6,Little Symphony,Serenity,Keyne,27,49523,False,0.199,0.118,0,-23.407,1,0.0546,0.608,0.602,0.118,0.164,123.353,5,guitar,track_id:multiple_fields_uniqueness; track_genre:multiple_fields_uniqueness
6B9Mgf9smWqxDjA35VD6MK,Little Symphony,Rialto Beach,Campomoro,22,148711,False,0.0,0.00108,0,-30.204,1,0.0,0.952,0.991,0.242,0.0,0.0,0,guitar,tempo:greater_than(0)
7i5OoyPXtSrqz9jobJfG1F,Little Symphony,Rialto Beach,Ritornello,23,102000,False,0.0,0.00129,7,-29.445,1,0.0,0.969,0.956,0.123,0.0,0.0,0,guitar,tempo:greater_than(0)
0pTAEdockvKVSq1hhFqk7O,Little Symphony,Rialto Beach,Amager,22,133624,False,0.0,0.004,0,-28.326,1,0.0,0.97,0.959,0.109,0.0,0.0,0,guitar,tempo:greater_than(0)
1keWmyG6qyBbMagPBdgUKr,Little Symphony,Rialto Beach,Ionian,22,93125,False,0.0,0.0268,7,-30.1,1,0.0,0.964,0.993,0.124,0.0,0.0,0,guitar,tempo:greater_than(0)
0gdt4Gs2hRmOm7kbKXhXVj,DJ Isaac,Go Insane,Go Insane (Original Radio Mix),21,209890,False,0.703,0.981,6,-5.76,1,0.187,0.000689,0.439,0.0832,0.109,141.007,4,happy,track_id:multiple_fields_uniqueness; track_genre:multiple_fields_uniqueness
17lu4tymfnhmcIDlzBbtAb,AC/DC,For Those About to Rock (We Salute You),For Those About to Rock (We Salute You),67,344240,False,0.37,0.919,4,-5.721,1,0.102,0.000376,0.419,0.49,0.471,134.021,4,hard-rock,track_id:multiple_fields_uniqueness; track_genre:multiple_fields_uniqueness
7b4yGtR0rujvLi5EBfKKJ2,Eddie Money,Can't Hold Back,Take Me Home Tonight,70,211160,False,0.608,0.768,1,-9.911,1,0.0364,0.101,1.41e-06,0.0942,0.748,132.699,4,hard-rock,track_id:multiple_fields_uniqueness; track_genre:multiple_fields_uniqueness
7vDaCNHW2KUUNZrxiYeRnD,He Is Legend,It Hates You,Everyone I Know Has Fangs,30,205786,False,0.337,0.966,1,-4.816,1,0.167,1.75e-05,0.731,0.182,0.567,176.003,4,hardcore,track_id:multiple_fields_uniqueness; track_genre:multiple_fields_uniqueness
0aSdsoufzNzGKFkRTkBYzM,Gunz For Hire,Bella Ciao,Bella Ciao,52,198271,False,0.345,0.954,10,-1.337,0,0.181,0.0143,0.0,0.11,0.246,77.411,4,hardstyle,track_id:multiple_fields_uniqueness; track_genre:multiple_fields_uniqueness
6ra25IjyymNXs7FIurUj5o,D-Block & S-te-Fan,Music Made Addictz,Dreamers Of Dreamz,21,243082,False,0.552,0.921,10,-5.881,0,0.04,0.000758,0.802,0.259,0.193,147.994,4,hardstyle,track_id:multiple_fields_uniqueness; track_genre:multiple_fields_uniqueness
204523f9MSgEfc0oDJycNS,Accept,Restless And Wild,Fast as a Shark,49,228666,False,0.431,0.95,2,-11.399,1,0.117,0.000109,0.248,0.232,0.162,140.044,4,heavy-metal,track_id:multiple_fields_uniqueness; track_genre:multiple_fields_uniqueness
0zLv81RNFByXTZ3wu91y1R,Rata Blanca,"Col 2x1: Magos, Espadas Y Rosas / Guerrero Del Arco Iris",Mujer Amante,50,363120,False,0.497,0.649,11,-10.205,0,0.0334,0.0145,3.78e-06,0.0477,0.567,115.357,4,heavy-metal,track_id:multiple_fields_uniqueness; track_genre:multiple_fields_uniqueness
1rhSz40cKH9mzrlJKhg0E4,Daddy Yankee;Plan B,FELIZ CUMPLEAÑOS,Sábado Rebelde,7,240266,False,0.771,0.905,6,-3.268,0,0.155,0.11,7.46e-06,0.656,0.858,163.978,4,hip-hop,track_id:multiple_fields_uniqueness; track_genre:multiple_fields_uniqueness
1dVZeuQFWzSI22d3hPEncI,Daddy Yankee;El Alfa;Lil Jon,Feliz Cumpleaños con Perreo,BOMBÓN,8,182413,True,0.843,0.789,7,-2.801,1,0.247,0.0028,2.41e-05,0.0322,0.571,125.071,4,hip-hop,track_id:multiple_fields_uniqueness; track_genre:multiple_fields_uniqueness
2T1SNgLERipx3n6iVTeHZA,Daddy Yankee;Nicky Jam;Plan B;Rome & Urba,Halloween 2022 Perreo Vol. 1,Shaky Shaky - Remix,4,234560,False,0.813,0.786,6,-4.133,0,0.154,0.107,0.0,0.238,0.828,175.908,4,hip-hop,track_id:multiple_fields_uniqueness; track_genre:multiple_fields_uniqueness
5oibpY8nzNR2uCPKMzLeK0,Kodak Black,Walk in the Park Rap,Calling My Spirit,0,152000,False,0.918,0.362,1,-9.943,1,0.0905,0.116,0.0,0.263,0.744,120.007,4,hip-hop,track_id:multiple_fields_uniqueness; track_genre:multiple_fields_uniqueness
5Re7Mp8Bh2ldBx61DSxU0M,Lizzo,Pop Brandneu,About Damn Time,0,191822,True,0.836,0.743,10,-6.305,0,0.0656,0.0995,0.0,0.335,0.722,108.966,4,hip-hop,track_id:multiple_fields_uniqueness; track_genre:multiple_fields_uniqueness
57gHJpELHEZjwbgnkAV90t,Lizzo,The Look - R&B Feels,Special,0,174398,True,0.517,0.707,7,-5.474,1,0.0693,0.0164,0.0,0.453,0.264,82.859,4,hip-hop,track_id:multiple_fields_uniqueness; track_genre:multiple_fields_uniqueness
7AvznBJ8YXUMZ8rPTukUAJ,Lizzo,Good Enough - Easy Pop,Truth Hurts,0,173325,True,0.715,0.622,4,-3.046,0,0.111,0.11,0.0,0.123,0.407,158.088,4,hip-hop,track_id:multiple_fields_uniqueness; track_genre:multiple_fields_uniqueness
6d9PUQV8z4XFFot8HVlrBY,Lizzo,Upbeat Pop,2 Be Loved (Am I Ready),0,187107,False,0.721,0.769,7,-4.111,1,0.105,0.0922,0.0,0.0817,0.915,155.932,4,hip-hop,track_id:multiple_fields_uniqueness; track_genre:multiple_fields_uniqueness
3uRrymHwcED49Q4fAnJJgD,Lizzo;DaBaby,Energy Hip Hop,Truth Hurts - DaBaby Remix,0,197610,True,0.706,0.627,4,-2.94,0,0.202,0.193,0.0,0.126,0.38,158.041,4,hip-hop,track_id:multiple_fields_uniqueness; track_genre:multiple_fields_uniqueness
5K9SD8F6EysPm6tI7nX0pe,Pete Bernhard,Harmony Ascension Division,Can't Find You,14,208266,False,0.628,0.274,0,-13.506,1,0.0353,0.847,0.000233,0.118,0.237,152.074,4,honky-tonk,track_id:multiple_fields_uniqueness; track_genre:multiple_fields_uniqueness
1Gq8yiUXhSwGeds7X7VyWW,George Jones,More Starday & Musicor Originals,Sometimes You Just Can't Win,13,142880,False,0.43,0.139,5,-18.666,1,0.0283,0.852,0.00316,0.113,0.298,73.426,4,honky-tonk,track_id:multiple_fields_uniqueness; track_genre:multiple_fields_uniqueness
7o68KX6XyCS9lydBTH6TCP,George Jones,Best Of,White Lightning - Single Version,52,165453,False,0.583,0.8,10,-9.689,1,0.0909,0.706,0.0,0.122,0.958,74.056,4,honky-tonk,track_id:multiple_fields_uniqueness; track_genre:multiple_fields_uniqueness
7zBY3YjvcdkpbHIUx0fe5Q,Hank Williams,Hank Williams As Luke The Drifter (Expanded Edition),Everything's Okay,12,172026,False,0.607,0.378,7,-13.581,1,0.148,0.837,0.0,0.0752,0.87,73.728,4,honky-tonk,track_id:multiple_fields_uniqueness; track_genre:multiple_fields_uniqueness
53oMTo3YvCRB4mDmqCck2p,George Jones,Greatest Hits from the King of Country,A Lifetime to Regret,13,164000,False,0.462,0.366,5,-10.908,1,0.0271,0.866,0.00982,0.115,0.669,108.042,4,honky-tonk,track_id:multiple_fields_uniqueness; track_genre:multiple_fields_uniqueness
1M63dvMiyRk0T4rPLfhHa1,George Jones,All-Time Greats (Original Musicor Records Recordings),The Race Is On,11,126466,False,0.651,0.461,9,-13.706,1,0.0376,0.711,0.0,0.185,0.915,88.097,4,honky-tonk,track_id:multiple_fields_uniqueness; track_genre:multiple_fields_uniqueness
66hVH7Tdw3RJ6X97QkTLkF,George Jones,George Jones - Duets From Musicor Records (Original Musicor Records Recordings),Party Pickin',11,146213,False,0.791,0.451,2,-13.314,1,0.038,0.807,0.0,0.134,0.965,127.328,4,honky-tonk,track_id:multiple_fields_uniqueness; track_genre:multiple_fields_uniqueness
00JZ83w0Qm09f4PwWj06sM,George Jones,With Love,A Good Year For The Roses,12,190546,False,0.491,0.334,11,-9.684,1,0.0287,0.659,1.6e-05,0.116,0.249,91.674,4,honky-tonk,track_id:multiple_fields_uniqueness; track_genre:multiple_fields_uniqueness
5cA8x7k6EEHgCfg5bN9xK3,Hank Williams;Drifting Cowboys,The Original Singles Collection . . . Plus,I Saw The Light,11,164800,False,0.341,0.244,7,-12.502,1,0.032,0.948,9.45e-05,0.221,0.526,204.288,4,honky-tonk,track_id:multiple_fields_uniqueness; track_genre:multiple_fields_uniqueness
4RRWdUBfKdN8SdPOIiu9by,George Jones,Too Wild Too Long,New Patches,11,193373,False,0.618,0.342,0,-13.925,1,0.0292,0.345,0.000451,0.104,0.425,108.177,4,honky-tonk,track_id:multiple_fields_uniqueness; track_genre:multiple_fields_uniqueness
2CzSTQKg7RNomVePzk2NN9,George Jones,Wrong Number,I Can't Get Used To Being Lonely,12,156120,False,0.496,0.193,10,-14.424,1,0.0292,0.817,0.0,0.189,0.51,109.141,4,honky-tonk,track_id:multiple_fields_uniqueness; track_genre:multiple_fields_uniqueness
3yTH2SF9KL6mQwVxezaBKN,George Jones,Fine Country Wine,Heartaches And Hangovers,12,134666,False,0.483,0.533,9,-12.519,1,0.0424,0.403,0.0,0.238,0.852,156.817,4,honky-tonk,track_id:multiple_fields_uniqueness; track_genre:multiple_fields_uniqueness
2zhL0n71GK0lhgDc83VT9A,Pete Bernhard,Harmony Ascension Division,Long Night,10,184973,False,0.805,0.273,4,-15.269,1,0.0629,0.864,0.000226,0.108,0.265,115.048,4,honky-tonk,track_id:multiple_fields_uniqueness; track_genre:multiple_fields_uniqueness
4fVI8mVwMG6MtcoXvNPlME,Pete Bernhard,Harmony Ascension Division,Waiting for You,10,216920,False,0.702,0.273,0,-17.0,1,0.0324,0.858,0.344,0.117,0.313,132.054,4,honky-tonk,track_id:multiple_fields_uniqueness; track_genre:multiple_fields_uniqueness
3ot7yfRXpFYYmBBZ8XrM2f,George Jones,Too Wild Too Long,I'm a Survivor,10,190213,False,0.506,0.279,8,-13.727,1,0.0271,0.729,3.01e-06,0.187,0.313,89.825,3,honky-tonk,track_id:multiple_fields_uniqueness; track_genre:multiple_fields_uniqueness
2HyijvbsWtIgLt3nSxPYML,Hank Williams,The Ultimate Collection,Please Make Up Your Mind - Single Version,11,169840,False,0.663,0.237,4,-14.214,1,0.0793,0.828,0.0,0.136,0.733,95.998,4,honky-tonk,track_id:multiple_fields_uniqueness; track_genre:multiple_fields_uniqueness
4TmHHLuww0oL4G0UyrMVEm,George Jones,Image Of Me,These Hands,10,169306,False,0.449,0.243,11,-11.611,1,0.0299,0.796,7.49e-06,0.0983,0.23,78.397,3,honky-tonk,track_id:multiple_fields_uniqueness; track_genre:multiple_fields_uniqueness
7p9gx9CPDuNJZqAsP9SVN7,Hank Williams,The Unforgettable Hank Williams,My Love For You (Has Turned To Hate),10,163026,False,0.413,0.399,0,-8.679,1,0.0293,0.651,0.001,0.17,0.707,145.398,4,honky-tonk,track_id:multiple_fields_uniqueness; track_genre:multiple_fields_uniqueness
05CrXeNWBptDD2zLAOaf2A,Hank Williams,The Complete Hank Williams,Faded Love And Winter Roses,11,117573,False,0.439,0.255,4,-13.476,1,0.0297,0.926,0.0,0.27,0.398,133.245,4,honky-tonk,track_id:multiple_fields_uniqueness; track_genre:multiple_fields_uniqueness
5Ewv1Onq6GMnoWxyuChLIW,NEIKED;Mae Muller;Polo G,Mega Hits Autumn/Fall 2022,Better Days,1,160656,False,0.717,0.671,0,-5.077,0,0.0337,0.0018,2.54e-06,0.0921,0.699,110.054,4,house,track_id:multiple_fields_uniqueness; track_genre:multiple_fields_uniqueness
6bpQHub3JTcxtKUnJNbcnW,Daisuke Tanabe,Cat Steps,cat step,31,274125,False,0.696,0.656,6,-9.346,0,0.109,0.426,0.859,0.062,0.494,159.997,4,idm,track_id:multiple_fields_uniqueness; track_genre:multiple_fields_uniqueness
1HgMMME0o7usgpIljGNiUS,Seekae,The Sound Of Trees Falling On People,Halley Wars,7,134360,False,0.713,0.694,4,-8.52,0,0.0833,0.624,0.851,0.101,0.0362,129.869,4,idm,track_id:multiple_fields_uniqueness; track_genre:multiple_fields_uniqueness
3ksl6hn7Ya34q5K3cl7w9I,It's DPK,Let Me Down Slowly X Aaya Na Tu (Lofi Mix),Let Me Down Slowly X Aaya Na Tu - Lofi Mix,60,179017,False,0.441,0.55,1,-11.335,0,0.0792,0.241,0.000202,0.139,0.172,119.953,4,indian,track_id:multiple_fields_uniqueness; track_genre:multiple_fields_uniqueness
7MLWLQSOUQc9sAghrNim6j,Stevie Wonder,Rock Christmas 2022 - The Very Best Of,What Christmas Means To Me - Single Version / Mono,0,148146,False,0.545,0.7,5,-6.961,1,0.0323,0.0982,0.0,0.1,0.799,83.506,4,indie,track_id:multiple_fields_uniqueness; track_genre:multiple_fields_uniqueness
5se0sLcaUymYKRUm0lCBgt,Vaibhav Bundhoo;Kamakshi Khanna,Kota Factory: Season 2 (Music from the Netflix Series),Tere Jaisa,41,312000,False,0.511,0.219,2,-20.59,1,0.0457,0.91,0.00229,0.0946,0.234,168.051,3,indie,track_id:multiple_fields_uniqueness; track_genre:multiple_fields_uniqueness
0pH9ckmrcCM6O0MTart24w,Devin Kennedy,"You & Me, That's Enough",Something Bout That Feeling,64,132688,False,0.69,0.397,5,-6.514,1,0.0453,0.064,0.0,0.0784,0.772,203.723,4,indie,track_id:multiple_fields_uniqueness; track_genre:multiple_fields_uniqueness
5BcyxCXrXuw4vsAqAiObWM,Leila Bela,Angra Manyu,Yes! No! I Mean Yes! No I Don't!,0,38333,False,0.0,0.572,8,-16.286,1,0.0,0.872,0.000175,0.119,0.0,0.0,0,iranian,tempo:greater_than(0)
6hsyfegVY5yklJneM40mWi,Leila Bela,Angra Manyu,The Exorsism Begins...,0,8586,False,0.0,0.04,8,-29.714,0,0.0,0.928,0.956,0.115,0.0,0.0,0,iranian,tempo:greater_than(0)
48Nt8u7kYSTwE6axtE9hJO,Leila Bela,Angra Manyu,Leaving Her Quantum Journey Behind...,0,50186,False,0.0,0.0314,5,-28.194,0,0.0,0.723,6.67e-05,0.129,0.0,0.0,0,iranian,tempo:greater_than(0)
7fTfvDlOUf0etaphlgUegi,Farzad Golpayegani,Eight,Diverge,3,270153,False,0.343,0.531,11,-8.501,0,0.0301,0.799,0.864,0.343,0.0569,138.024,4,iranian,track_id:multiple_fields_uniqueness; track_genre:multiple_fields_uniqueness
4LFlYEavfqhauvX6q2IcH4,Farzad Golpayegani,Seven,Bring You Pain,4,271413,False,0.237,0.959,11,-3.978,0,0.153,0.211,0.817,0.0787,0.423,155.662,4,iranian,track_id:multiple_fields_uniqueness; track_genre:multiple_fields_uniqueness
1EXc4lSFTbktmqWksJLgke,Nyctalllz,Visions of Darkness: Volume II,The Curse of the White Demon,1,415517,False,0.237,0.38,2,-14.322,1,0.0358,0.599,0.875,0.174,0.0464,112.65,4,iranian,track_id:multiple_fields_uniqueness; track_genre:multiple_fields_uniqueness
1lQLxZODSaf2W1KBzH3hne,Kahtmayan,Resurrection 1,Resurrection,4,275644,False,0.582,0.97,4,-3.26,0,0.0781,0.000258,0.00033,0.062,0.151,120.035,4,iranian,track_id:multiple_fields_uniqueness; track_genre:multiple_fields_uniqueness
2OxysySr6uOToqnrf0tlAq,Kahtmayan,Virtual existence,Irreversible,0,406240,False,0.393,0.965,6,-5.133,0,0.122,0.000199,0.788,0.0898,0.33,159.982,4,iranian,track_id:multiple_fields_uniqueness; track_genre:multiple_fields_uniqueness
5NF0LZXnT008vwJiNbvwtr,Azooma,The Act of Eye,Act 2 - Umbra of Mirth,0,467826,True,0.226,0.988,0,-6.717,1,0.2,0.00337,0.897,0.545,0.0721,159.96,4,iranian,track_id:multiple_fields_uniqueness; track_genre:multiple_fields_uniqueness
6JU9PUGD025Yb2A9NbyNLZ,Out of Nowhere,Man Made Disaster,Masturbation,0,312657,True,0.498,0.862,1,-2.344,1,0.0528,0.000173,0.0,0.0778,0.398,125.005,4,iranian,track_id:multiple_fields_uniqueness; track_genre:multiple_fields_uniqueness
0xsbEfKgnxpXs1IRAbEnUY,DSM,Nowruz,Nowruz,0,259970,False,0.236,0.0463,0,-26.831,0,0.042,0.927,0.815,0.103,0.0325,121.532,3,iranian,track_id:multiple_fields_uniqueness; track_genre:multiple_fields_uniqueness
38Ogh3rsHba83kXx13gbKs,Leila Bela,Angra Manyu,V-4,0,13386,False,0.0,0.224,11,-22.196,1,0.0,0.97,0.0,0.907,0.0,0.0,0,iranian,tempo:greater_than(0)
2pkaCaIs2ZiKTSzPfcOI5B,Shivered,Journey to Fade,Journey to Fade,0,315842,False,0.558,0.837,1,-4.962,0,0.0273,0.00011,0.0246,0.107,0.448,140.001,4,iranian,track_id:multiple_fields_uniqueness; track_genre:multiple_fields_uniqueness
6392PdXvZN8BOjcRxvkKO6,Spuntic,Hybrid Source,Outlined,0,348133,False,0.219,0.124,9,-21.633,1,0.0482,0.909,0.927,0.188,0.0381,77.691,5,iranian,track_id:multiple_fields_uniqueness; track_genre:multiple_fields_uniqueness
0Xyy5ASa9iuqIgzH2mY9T6,Garhelenth,The Mysterious Kingdom,Paradox Existence,0,269423,False,0.125,0.677,8,-9.416,1,0.048,1.68e-06,0.0056,0.382,0.299,96.517,4,iranian,track_id:multiple_fields_uniqueness; track_genre:multiple_fields_uniqueness
5nxmwuDelvrQPTofGhF6nk,From The Vastland,Kamarikan,Kamarikan,0,360875,False,0.289,0.539,10,-7.317,1,0.15,0.000126,0.916,0.111,0.0391,119.898,4,iranian,track_id:multiple_fields_uniqueness; track_genre:multiple_fields_uniqueness
7a6dKghXRh8XAiwJAdigfG,SWAY;EXILE SHOKICHI;SALU,UNCHAINED,Never Say Goodbye,23,211413,False,0.615,0.915,1,-3.56,0,0.0582,0.0394,0.0,0.243,0.354,105.001,4,j-dance,track_id:multiple_fields_uniqueness; track_genre:multiple_fields_uniqueness
0oR2mFp2QwxuHCuMHot6HQ,Masicka;Dunw3ll,Roll Clean - Single,Roll Clean,23,150315,True,0.702,0.913,1,-3.385,1,0.218,0.171,0.0,0.297,0.632,95.004,4,j-dance,track_id:multiple_fields_uniqueness; track_genre:multiple_fields_uniqueness
3NSKJ8RZVLbK5j187CNoC2,Jahshii,Dancehall Night Riddim,Dem Nuh Bad,20,106800,True,0.689,0.584,0,-7.379,1,0.482,0.113,0.0,0.0749,0.701,126.547,5,j-dance,track_id:multiple_fields_uniqueness; track_genre:multiple_fields_uniqueness
10l4eK1EkaXCV5xHfx0jgd,Pamputtae;Bounty Killer;Esco Da Shocker,Set Right,Set Right,10,183672,True,0.698,0.724,1,-5.577,1,0.448,0.137,0.0,0.326,0.849,126.554,5,j-dance,track_id:multiple_fields_uniqueness; track_genre:multiple_fields_uniqueness
4j0j42ap28XZZQr9SQz9nU,Beenie Man;Blakk Man,Imac Riddim,Real Bad Man - Radio Edit,20,194616,False,0.717,0.795,8,-4.198,1,0.291,0.0298,2.33e-06,0.133,0.792,133.673,5,j-dance,track_id:multiple_fields_uniqueness; track_genre:multiple_fields_uniqueness
1nh7P8enZRROQ5WA7HqTDp,Vybz Kartel,Exclusivity (Remastered),Blackberry - Remastered,35,187000,True,0.84,0.837,6,-6.223,1,0.228,0.53,0.0,0.0546,0.718,105.006,4,j-dance,track_id:multiple_fields_uniqueness; track_genre:multiple_fields_uniqueness
6iNOsIMBxXGOZnFqCMkC6N,Vybz Kartel,Round Corna,Round Corna,18,129890,True,0.801,0.946,1,-1.02,1,0.364,0.0833,0.0,0.171,0.39,101.865,4,j-dance,track_id:multiple_fields_uniqueness; track_genre:multiple_fields_uniqueness
2nAeK63zz8YGcufGW16Y58,TACOYAKI RAINBOW,絶唱!なにわで生まれた少女たち (Special Edition),絶唱!なにわで生まれた少女たち,18,274413,False,0.61,0.953,10,-1.076,1,0.102,0.136,0.000218,0.371,0.398,150.016,4,j-idol,track_id:multiple_fields_uniqueness; track_genre:multiple_fields_uniqueness
5uNnGViAuZIkoUhVwmFWlr,Norah Jones,Coffee Break,Shoot The Moon,1,237173,False,0.573,0.265,0,-12.436,1,0.027,0.903,0.00152,0.094,0.425,74.031,4,j-pop,track_id:multiple_fields_uniqueness; track_genre:multiple_fields_uniqueness
7bdROC1GostP0gWqEP8P2h,Norah Jones,Christmas Dinner,It's Not Christmas 'Til You Come Home - Recorded At Spotify Studios NYC,0,192420,False,0.473,0.068,0,-20.033,1,0.0315,0.892,0.00216,0.105,0.262,93.777,3,j-pop,track_id:multiple_fields_uniqueness; track_genre:multiple_fields_uniqueness
63kd4m3VFxcJjPVVtbVNAu,Louis Armstrong,"Hello, Dolly! (Remastered)","Hello, Dolly!",62,147000,False,0.0,0.405,0,-9.935,1,0.0,0.842,0.00114,0.198,0.0,0.0,0,jazz,tempo:greater_than(0)
7AHF3V7qRPhZV7gzJLZ3CL,Lester Young,The Complete Aladdin Recordings Of Lester Young,These Foolish Things - Remastered 1995,55,190933,False,0.593,0.103,10,-14.961,1,0.081,0.986,0.6,0.12,0.443,66.283,4,jazz,track_id:multiple_fields_uniqueness; track_genre:multiple_fields_uniqueness
6EfGUQtLk3xVc64tk8ihTL,Ilaiyaraaja,Muthal Mariyathai (Original Motion Picture Soundtrack),Hey Kiliyirukku,46,68205,False,0.803,0.572,0,-9.308,1,0.205,0.811,0.00338,0.0962,0.79,112.478,3,k-pop,track_id:multiple_fields_uniqueness; track_genre:multiple_fields_uniqueness
1kR4gIb7nGxHPI3D2ifs59,,,,0,0,False,0.501,0.583,7,-9.46,0,0.0605,0.69,0.00396,0.0747,0.734,138.391,4,k-pop,artists:not_nullable; album_name:not_nullable; track_name:not_nullable; duration_ms:greater_than(0)
1BSqyq83kxnA3oDf4eXLVX,Poop Emoji,Best Nintendo Music,The Paper Mario Origami King Song,14,69333,False,0.803,0.53,5,-7.817,1,0.142,0.17,1.34e-06,0.25,0.659,89.984,4,kids,track_id:multiple_fields_uniqueness; track_genre:multiple_fields_uniqueness
19Y7tHKAr0wvBXrTgOYNrs,Hip Hop Harry,Nursery Rhymes (Bonus Tracks),Old MacDonald Had a Farm,11,122853,False,0.773,0.879,11,-2.418,0,0.0499,0.00614,3.41e-06,0.283,0.686,105.984,4,kids,track_id:multiple_fields_uniqueness; track_genre:multiple_fields_uniqueness
4OJXEwWF5CKqWmCRx8vuks,The Party Cats,Kids Dance Party: Halloween Jams,Theme From The Addams Family,11,103813,False,0.898,0.431,5,-11.645,1,0.0708,0.198,0.00076,0.041,0.9,120.052,4,kids,track_id:multiple_fields_uniqueness; track_genre:multiple_fields_uniqueness
7qVBYfgJLi0itgP6afvrf8,Christopher Zondaflex Tyler,Hip Hop Dance for Beginners,Everybody Have a Seat,8,77297,False,0.876,0.412,1,-15.764,1,0.0742,0.0042,0.0,0.0772,0.872,119.928,4,kids,track_id:multiple_fields_uniqueness; track_genre:multiple_fields_uniqueness
5n1KwNkJXixrG3HK0tq5Cy,Ray Remesch,"EFlashApps Nursery Rhymes, Vol. 3",Turkey in the Straw,8,71409,False,0.827,0.668,5,-5.479,1,0.048,0.794,0.0,0.12,0.949,102.35,4,kids,track_id:multiple_fields_uniqueness; track_genre:multiple_fields_uniqueness
5bwnexvD5cm2E7Wl75mQ1x,Blake Rules;Netherfriends,Kids Trap 8,Breakfast Time,8,160000,False,0.975,0.432,0,-13.808,1,0.192,0.0406,0.0,0.101,0.304,119.989,4,kids,track_id:multiple_fields_uniqueness; track_genre:multiple_fields_uniqueness
1VAnb6RrxA6eJiywZYyTWG,Blake Rules;Netherfriends,Kids Trap 10,Snow Cone Truck,8,123076,False,0.714,0.617,10,-11.971,1,0.0544,0.307,0.0612,0.128,0.681,155.979,4,kids,track_id:multiple_fields_uniqueness; track_genre:multiple_fields_uniqueness
08SFfnXcmjDgOSi2tnmdM7,Mini Pop Kids,Mini Pop Kids 16,Better Now,7,211786,False,0.704,0.49,2,-8.974,1,0.125,0.0386,0.0,0.11,0.296,145.167,4,kids,track_id:multiple_fields_uniqueness; track_genre:multiple_fields_uniqueness
3o0vFcZI1ejWCLOqnFWEwE,Mini Pop Kids,Mini Pop Kids 17,Higher Love,7,228160,False,0.714,0.628,7,-5.642,1,0.0399,0.0488,1.52e-06,0.129,0.171,103.925,4,kids,track_id:multiple_fields_uniqueness; track_genre:multiple_fields_uniqueness
7af1WixhIA44jYgzXU19da,Daddy Yankee;Bad Bunny,Bájale como 7500,Vuelve,2,279613,False,0.734,0.531,1,-5.662,1,0.0321,0.196,0.0,0.119,0.199,130.025,4,latin,track_id:multiple_fields_uniqueness; track_genre:multiple_fields_uniqueness
38cCzX3jpZhctBx6CHA9PG,J Balvin;Bad Bunny,Feliz Cumpleaños con Perreo,LA CANCIÓN,2,242573,False,0.756,0.646,7,-5.795,1,0.319,0.152,1.81e-05,0.108,0.429,176.088,4,latin,track_id:multiple_fields_uniqueness; track_genre:multiple_fields_uniqueness
3LaQzvfIetBWdtIV0JoBwF,J Balvin;Bad Bunny;Mr Eazi,Feliz Cumpleaños con Perreo,COMO UN BEBÉ,4,218826,False,0.825,0.807,6,-5.753,1,0.095,0.0741,4.79e-06,0.138,0.816,103.053,4,latin,track_id:multiple_fields_uniqueness; track_genre:multiple_fields_uniqueness
20JTNRnNUJL75tSJmtg2ZY,J Balvin;Skrillex,Regageton Para Niños,In Da Getto,5,130666,False,0.924,0.723,8,-3.142,1,0.0466,0.0177,2.61e-05,0.113,0.643,126.998,4,latin,track_id:multiple_fields_uniqueness; track_genre:multiple_fields_uniqueness
7lTWdUAtKRdaRS0UbQD9y7,J Balvin,Noche de Halloween Latino,Morado,2,200666,False,0.881,0.696,11,-3.838,0,0.0797,0.136,4.06e-05,0.0927,0.781,97.002,4,latin,track_id:multiple_fields_uniqueness; track_genre:multiple_fields_uniqueness
5K5PsYGecXpFRoSNYHvhll,Chris Jedi;Anuel AA;Chencho Corleone;Ñengo Flow,El perreo es el futuro,La Llevo Al Cielo,0,254920,True,0.795,0.845,9,-3.809,0,0.135,0.105,1.14e-05,0.172,0.769,170.023,4,latin,track_id:multiple_fields_uniqueness; track_genre:multiple_fields_uniqueness
4rlYrov7VH5lsLQklkdoFt,Mariah Angeliq,Halloween 2022 Perreo Vol. 5,Miénteme,0,211693,False,0.696,0.82,8,-4.511,0,0.127,0.0712,0.0,0.132,0.43,100.064,4,latin,track_id:multiple_fields_uniqueness; track_genre:multiple_fields_uniqueness
3X1d3Krb95sCtZ8ydVDFDY,Mariah Angeliq;Casper Magico,El perreo es el futuro,Lo Prohibido,0,202560,False,0.83,0.679,8,-3.519,0,0.143,0.137,7.78e-05,0.0905,0.213,95.003,4,latin,track_id:multiple_fields_uniqueness; track_genre:multiple_fields_uniqueness
1u7MXGKrK4hBxkn67pyjJX,Mariah Angeliq,Noche de Halloween Latino,La Tóxica,1,171280,True,0.536,0.723,6,-4.761,0,0.268,0.0149,7.78e-05,0.0952,0.724,91.761,4,latin,track_id:multiple_fields_uniqueness; track_genre:multiple_fields_uniqueness
1I86H4C4Vqm0INF99IGq0r,Alvaro Diaz;Rauw Alejandro,Noche de Halloween Latino,Problemón,1,193013,False,0.729,0.737,2,-3.727,0,0.064,0.275,7.58e-06,0.137,0.369,91.99,4,latin,track_id:multiple_fields_uniqueness; track_genre:multiple_fields_uniqueness
2ldVpRwLjfUWCDqrjNQYWt,Daddy Yankee;Bad Bunny,Perreo en Halloween,X ÚLTIMA VEZ,3,192477,True,0.812,0.855,7,-3.725,1,0.0554,0.0789,0.000167,0.108,0.573,90.04,4,latino,track_id:multiple_fields_uniqueness; track_genre:multiple_fields_uniqueness
0w6KXQRbURk23AtKn3q5Wr,Daddy Yankee,Halloween con perreito,RUMBATÓN,0,248768,False,0.685,0.909,3,-4.034,0,0.0396,0.0471,0.0,0.35,0.922,95.004,4,latino,track_id:multiple_fields_uniqueness; track_genre:multiple_fields_uniqueness
62ppSZlSrkdflEZWXM34gG,Daddy Yankee,Bájale como 7500,RUMBATÓN,2,248768,False,0.685,0.909,3,-4.034,0,0.0396,0.0471,0.0,0.35,0.922,95.004,4,latino,track_id:multiple_fields_uniqueness; track_genre:multiple_fields_uniqueness
3ufMt1JWzgGeJ1rvGjeGbX,Daddy Yankee,Feliz Cumpleaños con Perreo,RUMBATÓN,1,248768,False,0.685,0.909,3,-4.034,0,0.0396,0.0471,0.0,0.35,0.922,95.004,4,latino,track_id:multiple_fields_uniqueness; track_genre:multiple_fields_uniqueness
7q2b7oG0UIDtl0rxQSeVwq,Don Omar;Plan B,Reggaeton Mix Perreito,Hooka,2,238386,False,0.733,0.859,1,-5.087,1,0.146,0.0431,0.0,0.822,0.845,170.047,4,latino,track_id:multiple_fields_uniqueness; track_genre:multiple_fields_uniqueness
4B8RTAHSPfYpV222GsmEjq,Don Omar,Fiesta portatil,Zumba,2,263973,False,0.718,0.891,9,-3.494,0,0.0404,0.00175,0.0146,0.138,0.828,124.981,4,latino,track_id:multiple_fields_uniqueness; track_genre:multiple_fields_uniqueness
3lOFofBlwZF66FMjH2AcuC,Cali Y El Dandee;Juan Magán;Sebastian Yatra,Queda poco para la PAES 2.0,Por Fin Te Encontré,0,250836,False,0.645,0.822,11,-3.679,1,0.212,0.0493,0.0,0.193,0.837,179.994,4,latino,track_id:multiple_fields_uniqueness; track_genre:multiple_fields_uniqueness
5nxoZa9rMVL5HO1G5lN3FJ,Saleem,Jai Mata Di,Jai Ho Ganesh Ji,21,277986,False,0.642,0.666,8,-8.617,1,0.0435,0.253,0.0,0.158,0.831,134.054,4,malay,track_id:multiple_fields_uniqueness; track_genre:multiple_fields_uniqueness
5m9uiFH9sK5wxRZdfN62n9,Breaking Benjamin,Shallow Bay: The Best Of Breaking Benjamin (Explicit),The Diary Of Jane,59,200213,False,0.39,0.958,10,-4.455,0,0.0622,5.67e-05,0.0437,0.121,0.348,167.045,4,metal,track_id:multiple_fields_uniqueness; track_genre:multiple_fields_uniqueness
4Y2bR875LdPq9JILrY2FSw,Bad Wolves,Zombie EP,Zombie (Acoustic),55,259253,False,0.499,0.494,2,-6.069,0,0.0264,0.0646,0.0,0.182,0.129,77.011,4,metal,track_id:multiple_fields_uniqueness; track_genre:multiple_fields_uniqueness
5SB73InpxuEQ20qEWhOQFV,Format:B,Chunky,Chunky,55,158114,False,0.803,0.858,10,-4.019,1,0.0538,0.0111,0.096,0.0766,0.862,121.989,4,minimal-techno,track_id:multiple_fields_uniqueness; track_genre:multiple_fields_uniqueness
4DK9SUOnVliHTl0kVjROv0,Berlin Minimal,Playlist Nature Walking (Tour 1),Surf Slide Minimal - Club Edit,17,155662,False,0.735,0.874,6,-6.808,1,0.0373,0.000118,0.9,0.363,0.15,124.001,4,minimal-techno,track_id:multiple_fields_uniqueness; track_genre:multiple_fields_uniqueness
3m4MvVUvY06ZuCLXxWYY2m,Brian Crain,A Light in the Trees,Tenderness,22,222080,False,0.273,0.258,6,-17.858,1,0.0337,0.982,0.89,0.111,0.099,154.527,3,new-age,track_id:multiple_fields_uniqueness; track_genre:multiple_fields_uniqueness
5uRJ0oirdTBD7jjG7VhEhh,Dan Gibson's Solitudes,Stream of Dreams,Pool of Mirrors,22,398133,False,0.311,0.0948,3,-29.575,1,0.0555,0.861,0.202,0.907,0.0649,99.213,4,new-age,track_id:multiple_fields_uniqueness; track_genre:multiple_fields_uniqueness
3UPxTUgfoxubx8fC3wOJ0P,Dan Gibson's Solitudes,Dolphin Dreams,Angels of the Reef,22,350201,False,0.117,0.11,5,-26.081,1,0.0442,0.977,0.741,0.702,0.0449,83.687,4,new-age,track_id:multiple_fields_uniqueness; track_genre:multiple_fields_uniqueness
24ncWBgfsWHODJwzuc2p1l,Karunesh,Colors of the East,Vishnu,36,389640,False,0.668,0.571,11,-13.619,0,0.0389,0.768,0.857,0.146,0.607,89.98,4,new-age,track_id:multiple_fields_uniqueness; track_genre:multiple_fields_uniqueness
2KsD4oe5Dj7EPPwkVfiaL3,Clannad,Lore,Crói Cróga - Remastered in 2004,22,298960,False,0.567,0.424,9,-11.726,0,0.0289,0.779,8.34e-05,0.366,0.389,138.923,4,new-age,track_id:multiple_fields_uniqueness; track_genre:multiple_fields_uniqueness
6YFYYxoLH9Aoasz0unIXiK,Jim Brickman,Destiny,Your Love,54,223093,False,0.605,0.454,5,-8.394,1,0.0264,0.241,0.0,0.114,0.326,121.974,4,new-age,track_id:multiple_fields_uniqueness; track_genre:multiple_fields_uniqueness
10zfQIoFPJJLTz97BTCivL,Dimash Qudaibergen,"Couldn't Leave (電視劇《親愛的, 熱愛的》插曲)","Couldn't Leave (電視劇《親愛的, 熱愛的》插曲)",41,193600,False,0.295,0.402,6,-10.493,0,0.0321,0.535,0.000104,0.105,0.069,149.525,4,opera,track_id:multiple_fields_uniqueness; track_genre:multiple_fields_uniqueness
1GU90z6vuJ8XtQu0XLzyDH,Michael Ball;Alfie Boe,Back Together,Let It Be Me,25,203253,False,0.337,0.264,4,-15.015,1,0.031,0.797,0.0647,0.148,0.145,90.013,4,opera,track_id:multiple_fields_uniqueness; track_genre:multiple_fields_uniqueness
3xF6OYQ4Da4JhPGsmubG9M,Andrea Bocelli,Vivere - Live In Tuscany,Mille Lune Mille Onde - Live,20,243493,False,0.51,0.602,10,-8.027,1,0.039,0.556,2.73e-05,0.699,0.334,109.933,4,opera,track_id:multiple_fields_uniqueness; track_genre:multiple_fields_uniqueness
7KHG8MHzxAv0YnLFBWY9Y1,Jean-Baptiste Lully;Mary Enid Haines;Sharla Nafziger;Aradia Ensemble;Kevin Mallon,Lully: Ballet Music for the Sun King,"Le bourgeois gentilhomme: Chaconne des Scaramouches, Frivelins et Arlequins",51,88160,False,0.0,0.0192,6,-28.821,1,0.0,0.936,0.0197,0.138,0.0,0.0,0,opera,tempo:greater_than(0)
5wOLmQDML8Po0Qoc7N1uLk,Emma Shapplin,Etterna,Celtica,20,307693,False,0.221,0.371,7,-10.897,0,0.038,0.697,0.0153,0.156,0.122,93.075,3,opera,track_id:multiple_fields_uniqueness; track_genre:multiple_fields_uniqueness
0q0r8JVp4dPZBbmBUsqsgO,Georges Bizet;Maria Callas;Nicolai Gedda;Orchestre de l'Opéra National de Paris;Georges Prêtre;Orchestre du Théâtre National de l'Opéra Paris;Paris Opera Orchestra,Bizet: Carmen,"Carmen (1997 - Remaster), Act I: Quels regardes! Quelle effronterie!",22,55693,False,0.0,0.172,3,-21.578,1,0.0,0.945,8.33e-05,0.85,0.0,0.0,0,opera,tempo:greater_than(0)
3pkoey7hNfAGNG2X0yp99C,Méav,Celtic Twilight 5 (From The Hearts O'Space),"Ailein Duinn (Theme From The Movie ""Rob Roy"")",20,254880,False,0.272,0.247,5,-11.169,0,0.0333,0.905,0.0256,0.111,0.106,112.881,3,opera,track_id:multiple_fields_uniqueness; track_genre:multiple_fields_uniqueness
1p5CA3hRZ1B4GcbgTX4oPo,Michael Ball;Alfie Boe,Together Again,You're The Voice,20,302946,False,0.334,0.735,2,-10.697,1,0.0741,0.366,0.014,0.0737,0.525,82.471,4,opera,track_id:multiple_fields_uniqueness; track_genre:multiple_fields_uniqueness
6AL3WfvaUJi5nA8XqPDoy9,Michael Ball;Alfie Boe,Together Again (Deluxe),"Bring Me Sunshine - From ""Morecambe & Wise""",20,234106,False,0.521,0.35,10,-9.92,0,0.0345,0.329,0.0,0.059,0.475,112.02,4,opera,track_id:multiple_fields_uniqueness; track_genre:multiple_fields_uniqueness
10ohUdSA7ZKCSeulKs1ciP,Georges Bizet;Théophile Alexandre;Quatuor Zaïde,No(s) Dames,"Carmen, Act 1 Scene 5: L'Amour est un oiseau rebelle (Arr. for Countertenor & String Quartet by Eric Mouret)",20,181746,False,0.362,0.0919,0,-18.037,1,0.0918,0.978,1.52e-06,0.0986,0.371,86.732,3,opera,track_id:multiple_fields_uniqueness; track_genre:multiple_fields_uniqueness
2B7ztTw0XuywnZK6W3tTG7,Andreas Gabalier,Best Of Karneval,Hulapalu,0,180252,False,0.705,0.676,0,-4.672,1,0.0467,0.505,0.0,0.628,0.701,124.96,4,party,track_id:multiple_fields_uniqueness; track_genre:multiple_fields_uniqueness
0gbTWyqIQXC93BTXxmAveK,Jürgen Drews,Karneval Klassiker,Irgendwann irgendwo irgendwie - seh'n wir uns wieder - Remastered 2017,0,245426,False,0.671,0.98,0,-3.769,1,0.0424,0.00686,0.000199,0.0852,0.868,124.009,4,party,track_id:multiple_fields_uniqueness; track_genre:multiple_fields_uniqueness
6Cd5urxZ5t5RyxNX7O3pyb,Höhner,Karneval Klassiker,"Viva Colonia (Da simmer dabei, dat is prima!)",0,189386,False,0.571,0.85,7,-4.426,1,0.0367,0.0781,0.0,0.27,0.766,128.071,4,party,track_id:multiple_fields_uniqueness; track_genre:multiple_fields_uniqueness
2IHTPzWvCxfYdLzdWofJYp,Michael Wendler,The Very Best Of,Nina,26,232653,False,0.757,0.864,0,-5.678,1,0.0441,0.116,0.00073,0.259,0.726,128.063,4,party,track_id:multiple_fields_uniqueness; track_genre:multiple_fields_uniqueness
2JjmTbiaj8Zin3ePd6hfdB,FiNCH,Kassenhäuschen EP,Maschinen,24,156269,True,0.763,0.886,9,-3.745,0,0.258,0.114,0.0,0.148,0.631,150.073,4,party,track_id:multiple_fields_uniqueness; track_genre:multiple_fields_uniqueness
44ZjtiuwW9fA4SHrvEggL2,Matthias Reim,Verdammt Ich hab Nix,Verdammt Ich lieb' dich,25,217680,False,0.57,0.86,9,-5.013,0,0.0478,0.0196,0.0,0.408,0.451,109.994,4,party,track_id:multiple_fields_uniqueness; track_genre:multiple_fields_uniqueness
5A6E9cVlxYAmEvdbEE4w9Y,Karim Kamar,"Selected Works, Vol. 3",drivers license - Piano Arrangement,40,284000,False,0.344,0.081,10,-23.65,1,0.0564,0.983,0.9,0.103,0.034,128.876,4,piano,track_id:multiple_fields_uniqueness; track_genre:multiple_fields_uniqueness
3VBPPIu4MGBnMj4SF8sJBJ,Ever So Blue,Fragment,Fragment,46,153103,False,0.403,0.0621,6,-28.678,1,0.049,0.995,0.932,0.0999,0.146,135.761,4,piano,track_id:multiple_fields_uniqueness; track_genre:multiple_fields_uniqueness
6YYVzVapUF3UnZQ0igasl3,Shafqat Amanat Ali,Yaariyan,Allah Waariyan,62,314522,False,0.483,0.781,4,-5.926,1,0.0445,0.349,0.0,0.126,0.801,83.782,4,pop-film,track_id:multiple_fields_uniqueness; track_genre:multiple_fields_uniqueness
4g7118rCobKcU4XQXSFlBS,The Weeknd,Drippy Drippy,The Hills,3,242280,True,0.565,0.551,0,-7.007,0,0.0687,0.0845,0.0,0.139,0.125,112.98,4,pop,track_id:multiple_fields_uniqueness; track_genre:multiple_fields_uniqueness
6SKTHwAjQ2sEJSEcSm2N3v,Justin Bieber,pov: you have a holly jolly christmas,Santa Claus Is Coming To Town,0,216720,False,0.639,0.836,0,-4.878,0,0.048,0.027,0.0,0.283,0.814,104.998,4,pop,track_id:multiple_fields_uniqueness; track_genre:multiple_fields_uniqueness
6arE1lr4B2jsrWP1GBIkYH,David Guetta;MistaJam;John Newman,Upbeat 20's,If You Really Love Me (How Will I Know),1,184390,False,0.692,0.883,7,-4.698,1,0.0582,0.0512,0.0,0.228,0.614,122.984,4,pop,track_id:multiple_fields_uniqueness; track_genre:multiple_fields_uniqueness
4F9mATfUA9J8t7oQ9COCcQ,David Guetta;Bebe Rexha,Upbeat Pop,I'm Good (Blue),0,175238,True,0.561,0.965,7,-3.673,0,0.0343,0.00383,7.07e-06,0.371,0.304,128.04,4,pop,track_id:multiple_fields_uniqueness; track_genre:multiple_fields_uniqueness
1fkKTSAmrguXmlZ1we0BQp,David Guetta;Becky Hill;Ella Henderson,Baddest of Them All,Crazy What Love Can Do,0,169756,False,0.601,0.713,4,-3.758,0,0.0449,0.0282,0.0,0.158,0.464,122.872,4,pop,track_id:multiple_fields_uniqueness; track_genre:multiple_fields_uniqueness
5hsExtdcPmoDQTc9rhK6ui,Feid,Perreo en Halloween,Si Te La Encuentras Por Ahí,4,191506,False,0.736,0.569,8,-3.559,0,0.0779,0.144,5.27e-05,0.112,0.433,171.973,4,pop,track_id:multiple_fields_uniqueness; track_genre:multiple_fields_uniqueness
4Rt5ie6v0adFZmbTPoo3qZ,Coldplay;Geoff Swan;Hardwell;Mark 'Spike' Stent,10's Dance Classics,A Sky Full of Stars - Hardwell Remix,0,313124,False,0.652,0.657,3,-4.491,0,0.0306,0.00208,6.93e-05,0.0859,0.0861,127.997,4,pop,track_id:multiple_fields_uniqueness; track_genre:multiple_fields_uniqueness
6ULTShYs7hdQsmzlzFMjFb,Hoodoo Gurus,Chariot Of The Gods,Was I Supposed To Care?,21,273653,False,0.489,0.621,11,-5.465,0,0.0281,0.0218,3.26e-05,0.118,0.407,152.02,4,power-pop,track_id:multiple_fields_uniqueness; track_genre:multiple_fields_uniqueness
5pBaIDEQbrXKpplRE9sU5B,The Manges,Book Of Hate For Good People,I'm Not A Sissy,20,141480,False,0.622,0.966,0,-3.95,1,0.0354,0.0086,3.57e-06,0.368,0.79,108.013,4,power-pop,track_id:multiple_fields_uniqueness; track_genre:multiple_fields_uniqueness
7tyxIzfJI6uoc7t9kwwGmf,F.Y.P,Toys That Kill,Wherever the Creeps Go,20,114360,False,0.346,0.862,5,-6.208,1,0.0993,0.00762,0.0,0.676,0.741,178.092,4,power-pop,track_id:multiple_fields_uniqueness; track_genre:multiple_fields_uniqueness
28jj3KEdWz0yKpVsCGVydC,White Reaper,The World's Best American Band,Another Day,21,111290,False,0.324,0.983,5,-1.624,0,0.099,0.000271,0.000117,0.565,0.178,148.234,4,power-pop,track_id:multiple_fields_uniqueness; track_genre:multiple_fields_uniqueness
1xnsrpuHsb9cwGtMsfqzBc,Mike Williams;RYVM,Storylines,When The Sun Is Gone (feat. RYVM),0,178124,False,0.606,0.929,11,-4.65,1,0.098,0.0284,0.0,0.147,0.339,127.998,4,progressive-house,track_id:multiple_fields_uniqueness; track_genre:multiple_fields_uniqueness
3JiRG3zjef1biea1lH8MJ3,The Beach Boys,Best Christmas Songs 2022 | For under the Mistletoe,Frosty The Snowman - 1991 Remix,1,114551,False,0.426,0.473,5,-7.924,1,0.0335,0.353,0.0,0.0234,0.937,181.752,4,psych-rock,track_id:multiple_fields_uniqueness; track_genre:multiple_fields_uniqueness
7weuZfLzuEUsHq5jvpP3im,The Beach Boys,Weihnachtssongs,Little Saint Nick - 1991 Remix,0,118840,False,0.602,0.553,11,-9.336,1,0.0328,0.108,0.0,0.0512,0.971,130.594,4,psych-rock,track_id:multiple_fields_uniqueness; track_genre:multiple_fields_uniqueness
5FUXLd5vcwtR36lGLtKsWb,The Beach Boys,pov: you are walking in a winter wonderland,Little Saint Nick - 1991 Remix,0,118840,False,0.602,0.553,11,-9.336,1,0.0328,0.108,0.0,0.0512,0.971,130.594,4,psych-rock,track_id:multiple_fields_uniqueness; track_genre:multiple_fields_uniqueness
4YgUcH7aKBmP5EeysIjvKD,Wishbone Ash,Argus (Expanded Edition),Leaf And Stream,50,246266,False,0.418,0.405,2,-10.714,0,0.0307,0.478,0.00482,0.117,0.433,82.7,4,psych-rock,track_id:multiple_fields_uniqueness; track_genre:multiple_fields_uniqueness
7tdvNIkzAYUcCWxRi7NvhY,Štěpán Soukup,Tommy Poser,Alkoholka 2015,37,205250,False,0.622,0.738,8,-3.551,0,0.0301,0.000897,6.19e-06,0.105,0.466,125.005,4,punk,track_id:multiple_fields_uniqueness; track_genre:multiple_fields_uniqueness
6AuY8LkI0USenNbHzX1AVh,Toini & The Tomcats,Traction,Honey Bee,29,128466,False,0.577,0.826,11,-5.812,1,0.042,0.213,0.0,0.114,0.941,127.255,4,rockabilly,track_id:multiple_fields_uniqueness; track_genre:multiple_fields_uniqueness
2jqBkZ3VhBeuTLwXZtfSGe,Georgi Vinogradov;The Red Army Choir,Когда поют солдаты...,Соловьи,10,356573,False,0.232,0.272,5,-14.867,0,0.053,0.963,0.000177,0.135,0.0412,112.787,5,romance,track_id:multiple_fields_uniqueness; track_genre:multiple_fields_uniqueness
1JihKsZjTyaqh0sPpOJqxW,Maya Kristalinskaya,Поёт Майя Кристалинская (Remastered),Три товарища - Remastered,26,122206,False,0.0,0.122,7,-20.512,0,0.0,0.987,0.324,0.824,0.0,0.0,0,romance,tempo:greater_than(0)
3J4hiQsMvNGbgx9TndlQcU,Tatiana and Sergey Nikitin,Brich-Mulla Vol.1,Two Women,4,151560,False,0.679,0.175,5,-17.052,1,0.111,0.955,0.000158,0.101,0.646,124.477,4,romance,track_id:multiple_fields_uniqueness; track_genre:multiple_fields_uniqueness
6sSFydXXbEIaqR4n3XUQuz,Nikolai Erdenko,Шедевры цыганской песни. Знаменитые цыганские песни,"О, день",1,156000,False,0.308,0.483,10,-15.63,1,0.0742,0.854,0.017,0.423,0.687,91.738,4,romance,track_id:multiple_fields_uniqueness; track_genre:multiple_fields_uniqueness
1RTNUU0YYocc0YwoLkEMq6,Николай Рыбников,4 ноября. День народного единства,"Марш высотников - Из к/ф ""Высота""",0,53472,False,0.653,0.466,5,-9.439,1,0.0666,0.748,3.96e-05,0.322,0.882,121.245,4,romance,track_id:multiple_fields_uniqueness; track_genre:multiple_fields_uniqueness
0wgC0qJgCGHdA5H8bauIK7,Mikhail Vavich,"Russkie narodnye pesni, Ch. 1",Jablochko,0,163083,False,0.715,0.491,11,-5.705,0,0.133,0.993,0.0099,0.222,0.811,113.385,4,romance,track_id:multiple_fields_uniqueness; track_genre:multiple_fields_uniqueness
5mplGTxbzVHglczrA1l9qG,Sergei Lemeshev,Любимые русские романсы,Выхожу один я на дорогу,0,258324,False,0.304,0.44,4,-8.486,0,0.0566,0.957,0.0,0.687,0.243,92.928,3,romance,track_id:multiple_fields_uniqueness; track_genre:multiple_fields_uniqueness
3yavilApCRUIKYkIuX8DDk,Валерий Агафонов,Вам девятнадцать лет…,Глядя на луч пурпурного заката,0,201533,False,0.309,0.143,4,-18.305,0,0.0535,0.955,0.111,0.107,0.0632,174.026,4,romance,track_id:multiple_fields_uniqueness; track_genre:multiple_fields_uniqueness
6hb6tZMwumbYoXVxwEsWRk,Alexander Vertinsky,Velikie ispolniteli Rossii XX veka: Aleksandr Vertinskiy,Ja segodnja smejus' nad soboy,2,168189,False,0.496,0.0237,4,-17.939,0,0.0747,0.992,4.63e-05,0.101,0.117,100.566,3,romance,track_id:multiple_fields_uniqueness; track_genre:multiple_fields_uniqueness
2jQbiFdf25wYRHcq0JiWRR,"Группа ""Загадка""",Золотая коллекция эстрады. Сиреневый туман,Люблю (Вдыхая розы аромат),1,115706,False,0.621,0.233,7,-8.939,0,0.0696,0.889,2.41e-06,0.13,0.636,127.273,3,romance,track_id:multiple_fields_uniqueness; track_genre:multiple_fields_uniqueness
2QJmvhnhah2pOFvzJGg7Ro,Alla Bayanova;Давид Ашкенази;Геннадий Разуваев,Алла Баянова: И льётся песня,Я любовь не сберегла,1,175360,False,0.35,0.091,9,-15.221,0,0.0393,0.939,2.12e-06,0.0979,0.227,152.065,4,romance,track_id:multiple_fields_uniqueness; track_genre:multiple_fields_uniqueness
5ugEAELzfwf3k07D3e1WNN,Владимир Бунчиков,Севастопольский Вальс (1943 - 1961),"Шумит волна, звенит струна",0,168923,False,0.346,0.303,4,-13.245,0,0.0362,0.961,5.55e-06,0.114,0.531,162.172,3,romance,track_id:multiple_fields_uniqueness; track_genre:multiple_fields_uniqueness
2nVL8B8ad5rJZGBRuVIKtR,"Nikolai Erdenko;Ансамбль ""Джанг""",Шедевры цыганской музыки. Лучшие цыганские песни,Ехали цыгане,0,106253,False,0.395,0.438,0,-17.157,0,0.0499,0.645,0.0,0.257,0.533,129.316,4,romance,track_id:multiple_fields_uniqueness; track_genre:multiple_fields_uniqueness
7zkgAyL3DS6PE5FWzk3QKM,Vladimir Nechaev,Душевные песни из советских кинофильмов,"Ты рядом со мной - Из к/ф ""Наши соседи""",1,207438,False,0.336,0.315,2,-10.006,0,0.0312,0.875,4.08e-06,0.426,0.454,147.996,3,romance,track_id:multiple_fields_uniqueness; track_genre:multiple_fields_uniqueness
6xOrcNSwc9pnCcMYJjc4rn,Sergei Lemeshev,Сергей Лемешев. 20 золотых песен,Хотел бы в единое слово,0,121893,False,0.421,0.0908,7,-19.422,0,0.0459,0.979,0.0,0.0836,0.231,93.656,4,romance,track_id:multiple_fields_uniqueness; track_genre:multiple_fields_uniqueness
3wty3BBEsbk8zj92IPQ9NO,Nikolai Erdenko,Шедевры цыганской песни. Знаменитые цыганские песни,На траве туман,0,317786,False,0.287,0.261,7,-18.994,0,0.0455,0.776,0.0519,0.0973,0.146,140.712,4,romance,track_id:multiple_fields_uniqueness; track_genre:multiple_fields_uniqueness
1zN6E83l8cwgDlxNhxPAUz,Oleg Pogudin,The Best Songs,Побудь со мной,1,165533,False,0.401,0.076,6,-17.782,0,0.0436,0.938,6.8e-06,0.123,0.122,69.474,3,romance,track_id:multiple_fields_uniqueness; track_genre:multiple_fields_uniqueness
0gmV4mbtJsmveGlVAdLGho,Nikolai Erdenko;Nikolai Erdenko Gypsy Band,The Famous Songs of Russian Gypsies,"Oj, rucheek, rucheek (A Brook): Rucheek (A Brook)",1,153280,False,0.36,0.815,2,-12.779,1,0.146,0.46,0.0,0.365,0.439,122.176,4,romance,track_id:multiple_fields_uniqueness; track_genre:multiple_fields_uniqueness
0egeqq8xpExQHfPNuXfNfD,Vladimir Nechaev,"Russian Legends - Vladimir Nechaev, Volume 1",Ogonyok,0,181800,False,0.433,0.307,10,-14.509,1,0.0475,0.992,0.174,0.2,0.536,127.73,4,romance,track_id:multiple_fields_uniqueness; track_genre:multiple_fields_uniqueness
5MNxzyo5mrSoy3UkL9wbvT,Tatiana and Sergey Nikitin,Brich-Mulla Vol.1,Brich-Mulla,4,283872,False,0.74,0.23,0,-13.538,0,0.127,0.837,0.0,0.0949,0.765,133.99,4,romance,track_id:multiple_fields_uniqueness; track_genre:multiple_fields_uniqueness
31V8fcY1mQGjqDIrFSNy2w,Александр Цфасман;Павел Михайлов,Избранное,Тебя здесь нет,0,177240,False,0.473,0.224,4,-15.187,0,0.0389,0.977,0.0383,0.128,0.571,124.432,4,romance,track_id:multiple_fields_uniqueness; track_genre:multiple_fields_uniqueness
51QhZPWIe5gD5PgSV7luyl,Александр Цфасман;Вокальное Трио,Я люблю танцевать,Мечты,0,170893,False,0.373,0.14,5,-20.719,0,0.0506,0.976,0.367,0.156,0.226,117.624,3,romance,track_id:multiple_fields_uniqueness; track_genre:multiple_fields_uniqueness
52VSOpFbg4GBpPNNv4ulbP,"Группа ""Загадка""",20 золотых дворовых песен. Разлука,В больнице больная лежала,0,196280,False,0.363,0.154,2,-10.63,0,0.0319,0.901,0.0,0.14,0.411,143.521,3,romance,track_id:multiple_fields_uniqueness; track_genre:multiple_fields_uniqueness
1aW7Cno3iDf1jIraOXLOKJ,Irina Karatcheva,Возвращение. русские романсы,В лунном сияньи,0,125406,False,0.388,0.0369,9,-21.176,0,0.047,0.984,0.0,0.115,0.385,98.997,3,romance,track_id:multiple_fields_uniqueness; track_genre:multiple_fields_uniqueness
4V1CEf4NktNY6CfHKBqSKy,Vadim Kozin,Velikie ispolniteli Rossii XX veka: Vadim Kozin (Deluxe Version),Kovyl',0,189653,False,0.502,0.0984,2,-15.272,0,0.0918,0.994,0.0128,0.127,0.48,64.687,4,romance,track_id:multiple_fields_uniqueness; track_genre:multiple_fields_uniqueness
0UswNGtK684rqSxXFP18Uw,Vadim Kozin,Последний концерт,"Давно, давно я с Вами не был вместе",0,173693,False,0.518,0.0331,3,-22.008,1,0.093,0.994,0.0183,0.195,0.316,93.295,3,romance,track_id:multiple_fields_uniqueness; track_genre:multiple_fields_uniqueness
7dwSsdCOY36upP3jChvTIJ,Vadim Kozin,Velikie ispolniteli Rossii XX veka: Vadim Kozin (Deluxe Version),Chudo-chudesa,0,180950,False,0.596,0.302,10,-10.254,1,0.104,0.989,0.000277,0.0786,0.81,101.37,3,romance,track_id:multiple_fields_uniqueness; track_genre:multiple_fields_uniqueness
7GMYzt2h1jUs3PNefSool2,Izabella Jur'eva,Velikie ispolniteli Rossii XX veka: Izabella Jur'eva (Deluxe Version),Laskovo vzgljani,0,164364,False,0.545,0.217,11,-14.524,0,0.0788,0.995,0.338,0.123,0.702,80.063,4,romance,track_id:multiple_fields_uniqueness; track_genre:multiple_fields_uniqueness
6x5sUSnjTj5pqOMEMbIhj8,Алёша Димитриевич,"Шедевры русской эстрады. Мама, я жулика люблю",Я милого узнаю по походочке,0,162186,False,0.484,0.391,7,-14.147,1,0.123,0.92,0.00673,0.203,0.577,181.397,4,romance,track_id:multiple_fields_uniqueness; track_genre:multiple_fields_uniqueness
3Q4cgQC7JgtXqDcwZJ29Pp,Nikolay Kopylov,"Глинка, Романсы",В Крови Горит Огонь Желанья,0,76946,False,0.411,0.443,8,-8.237,1,0.0367,0.987,0.0638,0.142,0.364,137.253,4,romance,track_id:multiple_fields_uniqueness; track_genre:multiple_fields_uniqueness
02MRylJ1WAgxzdqfNfdIsR,Oleg Pogudin,Любовь и разлука. Песни Исаака Шварца,"Город пышный, город бедный",0,114600,False,0.446,0.121,4,-12.737,0,0.0414,0.937,0.0,0.125,0.18,107.573,3,romance,track_id:multiple_fields_uniqueness; track_genre:multiple_fields_uniqueness
5ybfqo1EiDwIhOvzBfJwx4,Vadim Kozin,Velikie ispolniteli Rossii XX veka: Vadim Kozin (Deluxe Version),Vsegda i vezde za toboju,0,179229,False,0.38,0.137,4,-14.335,0,0.0528,0.989,0.00248,0.113,0.349,94.145,5,romance,track_id:multiple_fields_uniqueness; track_genre:multiple_fields_uniqueness
3Z86aT11fOYi5fNiUxwjgm,"Nikolai Erdenko;Ансамбль ""Джанг""",Шедевры цыганской музыки. Классика цыганской песни,Две женщины,0,240120,False,0.541,0.228,8,-20.177,0,0.0505,0.899,0.434,0.153,0.33,82.514,4,romance,track_id:multiple_fields_uniqueness; track_genre:multiple_fields_uniqueness
4HC6cDv1j6fpbQ6FOPGm7O,Valentina Ponomaryova;Ансамбль ударных инструментов Марка Пекарского;Сергей Скрипка;Государственный Симфонический оркестр кинематографии,Terra Incognita,The Cat that Walked by Himself: First Witchcraft. Dog,0,398200,False,0.34,0.168,1,-25.023,1,0.0895,0.599,0.0369,0.16,0.0372,95.744,4,romance,track_id:multiple_fields_uniqueness; track_genre:multiple_fields_uniqueness
2r6Jay01kQTR0ztlXQbxf3,Nadezhda Obukhova,"Romansy Rossii, Chast’ 2",Ja vnov' pred toboju,0,171335,False,0.405,0.0576,9,-15.525,0,0.0431,0.993,0.0,0.0966,0.105,69.88,5,romance,track_id:multiple_fields_uniqueness; track_genre:multiple_fields_uniqueness
2sWCKLm6qrQ4Hu6Lkrh2Xb,Nikolai Erdenko,Лучшая цыганская музыка. Часть четвертая,Солнышко,0,213720,False,0.264,0.167,7,-20.194,0,0.0354,0.943,0.517,0.29,0.108,109.73,3,romance,track_id:multiple_fields_uniqueness; track_genre:multiple_fields_uniqueness
5saBHi3sDRRcrtLUC4zwuZ,Nikolai Erdenko,Шедевры цыганской музыки. Серебряная скрипка романса,Я Вас любил,0,199280,False,0.305,0.201,3,-13.253,1,0.036,0.926,0.265,0.17,0.04,102.865,5,romance,track_id:multiple_fields_uniqueness; track_genre:multiple_fields_uniqueness
1OZtXGoPN2deUyjKLbl6CW,Vladimir Nechaev,Velikie ispolniteli Rossii XX veka: Vladimir Nechaev,"Okh, neprijatnost'",0,183072,False,0.334,0.357,9,-10.103,0,0.0305,0.984,0.0026,0.318,0.585,149.913,4,romance,track_id:multiple_fields_uniqueness; track_genre:multiple_fields_uniqueness
6FkTSDv17BIUGGAQkS6CJX,Nadezhda Kazantseva;Viktor Smirnov;Bolshoi Theatre Orchestra,"Soviet Film Soundtracks (1928 - 1950), Volume 5","Song - From ""Spring Flow""",0,156431,False,0.48,0.222,8,-14.529,1,0.0544,0.991,0.000822,0.542,0.381,121.857,4,romance,track_id:multiple_fields_uniqueness; track_genre:multiple_fields_uniqueness
6R0TQQtu4guq2l4p4LIuuC,Sergei Lemeshev,"Romansy: Gori, gori, moja zvezda…",Svidanie,0,196204,False,0.29,0.306,10,-9.223,0,0.053,0.986,3.76e-06,0.108,0.0618,76.443,4,romance,track_id:multiple_fields_uniqueness; track_genre:multiple_fields_uniqueness
7x8eeMIQ7TRCa7p6HgkgNS,Oleg Pogudin,La serenata (Live),"Funiculì, funiculà (Live)",0,157893,False,0.565,0.604,3,-8.867,1,0.0716,0.733,0.00427,0.484,0.59,127.955,4,romance,track_id:multiple_fields_uniqueness; track_genre:multiple_fields_uniqueness
7gtO54x88Y7GhY0jHgiV6P,Gelena Velikanova,Первая встреча (2022 Remastered),До завтра - 2022 Remastered,0,204752,False,0.446,0.0714,2,-14.648,1,0.064,0.972,0.0228,0.0942,0.504,202.618,3,romance,track_id:multiple_fields_uniqueness; track_genre:multiple_fields_uniqueness
2CiemyCTNfoTqKHxzZIk0w,Gelena Velikanova,Первая встреча (2022 Remastered),Ты не все сказал - 2022 Remastered,0,187421,False,0.591,0.0729,9,-16.353,0,0.211,0.99,0.00206,0.191,0.336,108.008,4,romance,track_id:multiple_fields_uniqueness; track_genre:multiple_fields_uniqueness
41wRhP83bDYvNx0l1n2JWk,Александр Цфасман;Леонид Кострица,Александр Цфасман и звёзды советской эстрады,Перелётные птицы,0,186827,False,0.628,0.361,5,-13.485,0,0.0563,0.982,0.136,0.109,0.898,115.423,4,romance,track_id:multiple_fields_uniqueness; track_genre:multiple_fields_uniqueness
4v16scAVhylOWvkkcmd4DX,Izabella Yurieva,Счастье мое,"Саша, ты помнишь наши встречи?",1,188637,False,0.597,0.38,11,-9.514,0,0.0747,0.988,0.000231,0.194,0.732,103.193,4,romance,track_id:multiple_fields_uniqueness; track_genre:multiple_fields_uniqueness
4f7ScGcFtjjBLs35q4vfTH,Tatiana and Sergey Nikitin,The Blue Color Vol.2,No one will be in the house,3,125544,False,0.762,0.108,0,-21.761,0,0.196,0.93,0.0677,0.116,0.786,87.822,4,romance,track_id:multiple_fields_uniqueness; track_genre:multiple_fields_uniqueness
5X7UA8fbdiFr9BgxhDeClb,Александр Добронравов,Лучшие песни,Ангел ЗЗЗ,0,264869,False,0.379,0.334,9,-7.474,0,0.0309,0.665,0.0,0.115,0.131,128.577,4,romance,track_id:multiple_fields_uniqueness; track_genre:multiple_fields_uniqueness
6oUDN88DZ8XKIVDfJEyzkN,Галина Карева,Не пробуждай воспоминаний (Имена на все времена),"Уйди, совсем уйди",0,221120,False,0.371,0.148,7,-15.852,0,0.0558,0.945,0.0,0.113,0.225,166.279,3,romance,track_id:multiple_fields_uniqueness; track_genre:multiple_fields_uniqueness
7485lzxQ1okfLNPNe8rpXV,Vadim Kozin,Последний концерт,Над рекой,0,111346,False,0.653,0.0639,5,-21.565,0,0.0709,0.995,0.163,0.128,0.6,107.638,4,romance,track_id:multiple_fields_uniqueness; track_genre:multiple_fields_uniqueness
4HlCz7PGRfUNZHgvTWI7th,Валерий Агафонов,За кордоном – любовь,Шарманщик,0,220480,False,0.433,0.15,9,-16.9,1,0.0437,0.958,0.077,0.107,0.115,139.806,4,romance,track_id:multiple_fields_uniqueness; track_genre:multiple_fields_uniqueness
05WLq8RH59gRD3gMnmxUKb,Vadim Kozin,Романсы и таборные песни,В последний раз,0,183954,False,0.419,0.0273,5,-23.017,0,0.0469,0.991,0.00466,0.0592,0.0786,72.274,3,romance,track_id:multiple_fields_uniqueness; track_genre:multiple_fields_uniqueness
52VSOpFbg4GBpPNNv4ulbP,"Группа ""Загадка""",20 золотых дворовых песен. Разлука,В больнице больная лежала,0,196280,False,0.363,0.154,2,-10.63,0,0.0319,0.901,0.0,0.14,0.411,143.521,3,romance,track_id:multiple_fields_uniqueness; track_genre:multiple_fields_uniqueness
1vNamT7fPcHPQdYCFMiXoI,Oleg Pogudin,Я сохраню слова любви,Дремлют плакучие ивы,1,177800,False,0.295,0.0736,2,-23.546,0,0.0416,0.886,0.0166,0.114,0.243,73.922,4,romance,track_id:multiple_fields_uniqueness; track_genre:multiple_fields_uniqueness
4worcVBM2RyWpQIyE7hJj5,Oleg Pogudin,Юбилей,Ещё один романс,0,159720,False,0.403,0.328,0,-11.581,0,0.0481,0.867,0.0,0.11,0.198,87.821,3,romance,track_id:multiple_fields_uniqueness; track_genre:multiple_fields_uniqueness
56ZB19eqTsiuSkAz5aQIuc,Vadim Kozin,Чудо-чудеса,Одевэс - Колечки бирюзовые,0,94410,False,0.62,0.213,5,-14.271,0,0.0773,0.993,0.0,0.179,0.569,102.123,4,romance,track_id:multiple_fields_uniqueness; track_genre:multiple_fields_uniqueness
3IMEE1Goc1XeMlWUlVMqWA,Yuri Morfessi,Очи чёрные,Дорогой длинною,0,169341,False,0.267,0.399,7,-8.025,0,0.0367,0.995,0.00348,0.151,0.345,80.067,4,romance,track_id:multiple_fields_uniqueness; track_genre:multiple_fields_uniqueness
2abeQBWSIzjO8J1KrPFZHy,Oleg Pogudin,Русский романс. Часть I,Забыли вы…,0,190933,False,0.474,0.0538,7,-21.541,0,0.0488,0.912,0.0,0.0901,0.207,93.964,3,romance,track_id:multiple_fields_uniqueness; track_genre:multiple_fields_uniqueness
22lPvFQRM48nDvv0ozgsMI,Oleg Pogudin,Любовь и разлука. Песни Исаака Шварца,Затихнет шрапнель,0,129653,False,0.583,0.318,6,-9.946,0,0.0461,0.719,0.0,0.12,0.586,106.209,4,romance,track_id:multiple_fields_uniqueness; track_genre:multiple_fields_uniqueness
4EJPDUuKsCArRCvhDx2YW9,Nikolay Kopylov,"Петр Чайковский, Романсы","Благословляю Вас, Леса",0,241453,False,0.39,0.351,5,-11.02,1,0.039,0.989,0.000485,0.085,0.116,75.389,4,romance,track_id:multiple_fields_uniqueness; track_genre:multiple_fields_uniqueness
3R073bM874OdRBZvEPzY7N,Konstantin Pluzhnikov;Mr.Gr.Ig.Al.,Стаканчики гранёные (Cut Glasses),Андрюша (Andryusha),0,137200,False,0.525,0.434,6,-12.175,1,0.107,0.738,0.0,0.519,0.865,150.739,4,romance,track_id:multiple_fields_uniqueness; track_genre:multiple_fields_uniqueness
1gXqg06Sc5301iRoKNhRRL,"Nikolai Erdenko;Ансамбль ""Джанг""",Шедевры цыганской музыки. Классика цыганской песни,У реки,0,134173,False,0.536,0.391,6,-17.031,1,0.0387,0.933,0.00462,0.15,0.82,154.325,4,romance,track_id:multiple_fields_uniqueness; track_genre:multiple_fields_uniqueness
2xRdvPX2IrKELYj9WvshTp,Vadim Kozin,Velikie ispolniteli Rossii XX veka: Vadim Kozin (Deluxe Version),"No ja znaju, ty ljubish' drugogo",0,164000,False,0.488,0.156,0,-11.457,0,0.0922,0.981,0.00855,0.116,0.402,130.864,5,romance,track_id:multiple_fields_uniqueness; track_genre:multiple_fields_uniqueness
2Pgc97g0nMT8zTtumxVrXv,Oleg Pogudin,Je chante,Tombe la neige,0,180316,False,0.417,0.2,10,-10.918,0,0.0363,0.933,0.0397,0.112,0.341,110.67,4,romance,track_id:multiple_fields_uniqueness; track_genre:multiple_fields_uniqueness
1JjlEP76VzsKKBRa2JdvIy,Nikolai Erdenko,Лучшая цыганская музыка. Часть вторая,Только раз бывают в жизни…,0,225093,False,0.333,0.131,2,-17.756,0,0.0373,0.97,0.0228,0.217,0.126,80.065,5,romance,track_id:multiple_fields_uniqueness; track_genre:multiple_fields_uniqueness
115R7u3I6ICJNKI6ErESlp,Nikolai Erdenko,Лучшая цыганская музыка. Часть вторая,Я не могу любить,0,182840,False,0.303,0.108,2,-18.41,1,0.0396,0.948,1.7e-06,0.0742,0.0615,98.239,4,romance,track_id:multiple_fields_uniqueness; track_genre:multiple_fields_uniqueness
3KKk48f33mlB56F5L5nbJk,Nikolay Kopylov,Popular Opera Arias,"""Don Carlos"" Roderigo'S Death Aria",0,235547,False,0.167,0.332,1,-9.888,1,0.0359,0.992,0.191,0.113,0.0527,62.97,4,romance,track_id:multiple_fields_uniqueness; track_genre:multiple_fields_uniqueness
0CzptLVu8meMD9m5jKpueg,Vadim Kozin,Velikie ispolniteli Rossii XX veka: Vadim Kozin (Deluxe Version),"Smeysja, smeysja gromche vsekh",0,190030,False,0.53,0.241,7,-11.996,0,0.119,0.995,1.1e-06,0.112,0.63,81.853,4,romance,track_id:multiple_fields_uniqueness; track_genre:multiple_fields_uniqueness
2rv9vjsnacgOKvZd2jBD66,Nikolai Erdenko,Шедевры цыганской музыки. Серебряная скрипка романса,Я помню вальса звук прелестный,0,125826,False,0.35,0.16,7,-14.295,0,0.0401,0.909,0.804,0.102,0.212,95.345,3,romance,track_id:multiple_fields_uniqueness; track_genre:multiple_fields_uniqueness
2Lvca9B2AQKTNx2yNxnWbr,Sergei Lemeshev;Евгений Белоусов;Валентина Петрова;Лариса Авдеева;Galina Vishnevskaya;Boris Khaikin;Оркестр Большого театра,"Tchaikovsky: Eugene Onegin, Op. 24","Eugene Onegin, Op. 24, Act I Scene 1: No. 5b, Quartet ""Skazhi, kotoraya Tatyana""",3,91037,False,0.272,0.326,2,-15.958,0,0.0931,0.948,0.0,0.135,0.479,163.233,5,romance,track_id:multiple_fields_uniqueness; track_genre:multiple_fields_uniqueness
6P2z6tZi1K8pyHXV1i0DnK,Nikolay Kopylov,У камина (Старинные Русские Романсы)/ At a Fireplace,Твои глаза зеленые ( Green Eyes),0,219880,False,0.359,0.448,2,-7.961,1,0.063,0.869,0.00046,0.317,0.49,76.832,4,romance,track_id:multiple_fields_uniqueness; track_genre:multiple_fields_uniqueness
4RLEptaOiYYtnZ07Nq87k2,Надежда Обухова;Матвей Сахаров,Песни советских композиторов,Осенние листья,0,208202,False,0.281,0.0665,9,-20.983,0,0.0495,0.988,1.23e-05,0.0904,0.159,74.017,3,romance,track_id:multiple_fields_uniqueness; track_genre:multiple_fields_uniqueness
35fXLEkCzyQJg0DET8wvhh,Boris Shtokolov;Оркестр народных инструментов имени Василия Андреева,Лучшие застольные,Вечерний звон,0,327493,False,0.226,0.421,6,-12.479,1,0.0854,0.926,0.364,0.348,0.0726,97.329,3,romance,track_id:multiple_fields_uniqueness; track_genre:multiple_fields_uniqueness
4w0kFToo4KieF43IMDb9ED,Татьяна Комова;Георгий Квик,Ромэн. Русские цыганские романсы,Солнышко,0,214373,False,0.306,0.202,9,-18.504,0,0.0333,0.978,0.0479,0.215,0.174,79.701,4,romance,track_id:multiple_fields_uniqueness; track_genre:multiple_fields_uniqueness
3ENn9ahP78mdUTHXDhnyFu,Izabella Jur'eva,Estrada 30-kh: Luchshie otechestvennye ispolniteli 30-kh godov XX veka,Belaja noch',0,196109,False,0.543,0.227,4,-11.044,0,0.042,0.994,0.000539,0.156,0.423,103.841,4,romance,track_id:multiple_fields_uniqueness; track_genre:multiple_fields_uniqueness
5FWXZQDgu0A4hS39eYrzBF,Alexander Vertinsky,Velikie ispolniteli Rossii XX veka: Aleksandr Vertinskiy,Pesenka o zhene,2,302346,False,0.539,0.105,2,-16.811,0,0.178,0.978,1.32e-06,0.698,0.295,92.306,4,romance,track_id:multiple_fields_uniqueness; track_genre:multiple_fields_uniqueness
5MzcMEsNgOEyd5D1E7FYMu,"Группа ""Загадка""",20 золотых дворовых песен. Разлука,Соловушка,0,138000,False,0.711,0.391,9,-6.593,0,0.0488,0.818,0.0,0.087,0.9,116.323,4,romance,track_id:multiple_fields_uniqueness; track_genre:multiple_fields_uniqueness
5ffAjEtQBzn7d7I9pl2kB0,Владимир Бунчиков,Мы в жизнь идем (1936 - 1958),На крейсере Молотов,0,199457,False,0.338,0.496,0,-12.617,1,0.0766,0.991,0.0,0.639,0.304,115.665,4,romance,track_id:multiple_fields_uniqueness; track_genre:multiple_fields_uniqueness
6FwmTj0KzcljTlBd0VqBcA,Vadim Kozin,Легенды русской эстрады. Вадим Козин. Часть вторая,Мой костер,0,173000,False,0.464,0.191,5,-14.734,0,0.0509,0.995,0.553,0.155,0.461,80.211,4,romance,track_id:multiple_fields_uniqueness; track_genre:multiple_fields_uniqueness
6MGlS9t68GIFkcbWIzHcsM,Nikolay Nikitskiy,Velikie ispolniteli Rossii XX veka: Nikolay Nikitskiy,Bugi-vugi - ne sekret,0,110388,False,0.576,0.516,0,-8.355,1,0.0556,0.837,2.75e-05,0.0853,0.897,88.175,4,romance,track_id:multiple_fields_uniqueness; track_genre:multiple_fields_uniqueness
2abeQBWSIzjO8J1KrPFZHy,Oleg Pogudin,Русский романс. Часть I,Забыли вы…,0,190933,False,0.474,0.0538,7,-21.541,0,0.0488,0.912,0.0,0.0901,0.207,93.964,3,romance,track_id:multiple_fields_uniqueness; track_genre:multiple_fields_uniqueness
41BFw6SQKtl4FOCgaClWHC,Oleg Pogudin,Союз друзей. Песни Булата Окуджавы,Парижские фантазии,0,148480,False,0.739,0.339,9,-11.731,0,0.0962,0.729,0.0,0.0895,0.66,126.621,4,romance,track_id:multiple_fields_uniqueness; track_genre:multiple_fields_uniqueness
396SEUYrf8EGBUbMUvpaAU,Nadezhda Kazantseva,Velikie ispolniteli Rossii XX veka: Nadezhda Kazantseva (Deluxe),Rossija,0,239227,False,0.441,0.249,5,-12.746,0,0.0512,0.971,5.72e-06,0.538,0.264,72.614,4,romance,track_id:multiple_fields_uniqueness; track_genre:multiple_fields_uniqueness
77WDNemIn6ZHUHeLMK5LWI,Nadezhda Kazantseva,Velikie ispolniteli Rossii XX veka: Nadezhda Kazantseva (Deluxe),Estrellita,0,162537,False,0.332,0.253,6,-8.92,1,0.04,0.982,1.06e-05,0.102,0.141,77.107,4,romance,track_id:multiple_fields_uniqueness; track_genre:multiple_fields_uniqueness
3ZfhmhDh8IYWtUrjmf3hbk,Sergei Lemeshev,Эстрада 40-х. Лучшие отечественные исполнители 40-х годов ХХ века,Песня о песне,0,213315,False,0.426,0.167,9,-12.823,0,0.0467,0.984,0.0,0.0954,0.243,117.277,4,romance,track_id:multiple_fields_uniqueness; track_genre:multiple_fields_uniqueness
0bWAjywvZX6qiyy6R0ocWz,Boris Shtokolov;Оркестр штаба Ленинградского Военного округа,"Люблю тебя, Петра творенье...",Ночь светла (feat. Оркестр штаба Ленинградского военного округа),0,174453,False,0.331,0.29,3,-12.592,0,0.0411,0.98,0.0154,0.0962,0.366,138.567,4,romance,track_id:multiple_fields_uniqueness; track_genre:multiple_fields_uniqueness
3NlzdeBPtuSj89pf6Z1TvG,Nikolay Kopylov,"Ради Женщин (Сцены, Арии И Дуэты Из Классических Оперетт)",Песня Пали Рача Из Оперетты «Цыган-Премьер»,0,246106,False,0.279,0.416,2,-12.525,1,0.0426,0.987,0.408,0.282,0.221,80.542,4,romance,track_id:multiple_fields_uniqueness; track_genre:multiple_fields_uniqueness
3ZNOzd4hnbbjTfMvebFt9D,Nikolay Erdenko,The Night Is Bright,"Goodbye, My Friend, Goodbye",0,153693,False,0.342,0.0701,9,-20.671,0,0.0373,0.946,1.55e-05,0.104,0.184,127.757,5,romance,track_id:multiple_fields_uniqueness; track_genre:multiple_fields_uniqueness
399J96pvyrrDAHDXBY1qnf,Oleg Pogudin,The Best Songs,Дремлют плакучие ивы,0,178920,False,0.4,0.22,2,-14.161,0,0.0384,0.896,0.0254,0.114,0.186,89.595,3,romance,track_id:multiple_fields_uniqueness; track_genre:multiple_fields_uniqueness
1cgM0c7AhnbJSZKgaXLNgF,"Nikolai Erdenko;Ансамбль ""Джанг""",20 лучших цыганских песен. Звездочка,Что делать,0,200293,False,0.36,0.141,4,-15.662,0,0.0292,0.938,0.000494,0.14,0.223,75.581,4,romance,track_id:multiple_fields_uniqueness; track_genre:multiple_fields_uniqueness
5eufSf7Ss9wFKGoEuqfNAv,Oleg Pogudin,Избранное I (Live),Я Вас люблю - Live,0,288000,False,0.382,0.423,4,-12.258,0,0.685,0.595,0.0,0.958,0.25,96.37,5,romance,track_id:multiple_fields_uniqueness; track_genre:multiple_fields_uniqueness
2FgBbPzQtH6WcimQuh6yOi,Vladimir Nechaev,"Russian Legends - Vladimir Nechaev, Vol. 2",Ja vlubilsya,0,160426,False,0.62,0.27,11,-15.228,0,0.0553,0.893,0.166,0.301,0.711,131.509,4,romance,track_id:multiple_fields_uniqueness; track_genre:multiple_fields_uniqueness
79Y0mhlybfVcoXJvi6A3aQ,Maria Maksakova;Makhov Russian Folk Instruments Orchestra,My Voice for You...,The Old Husband,0,167021,False,0.368,0.373,5,-5.001,0,0.041,0.976,0.0,0.278,0.124,81.902,1,romance,track_id:multiple_fields_uniqueness; track_genre:multiple_fields_uniqueness
6P2z6tZi1K8pyHXV1i0DnK,Nikolay Kopylov,У камина (Старинные Русские Романсы)/ At a Fireplace,Твои глаза зеленые ( Green Eyes),0,219880,False,0.359,0.448,2,-7.961,1,0.063,0.869,0.00046,0.317,0.49,76.832,4,romance,track_id:multiple_fields_uniqueness; track_genre:multiple_fields_uniqueness
3gZdKSc7nIRAj1MgGcGDQP,Ivan Petrov;Chorus of the Bolshoi Theatre,Eugene Onegin,"Tchaikovsky: Eugene Onegin: Dyevitsi, krasavitsi - Act One",0,183466,False,0.384,0.134,9,-20.039,1,0.0369,0.992,0.000493,0.0824,0.123,106.939,3,romance,track_id:multiple_fields_uniqueness; track_genre:multiple_fields_uniqueness
6sfr06qqBzJNSRLBMLMewi,Nikolay Kopylov,Две гитары (Старинные Русские Романсы)/ Two Guitars (Ancient Russian Romances),Тебя любить (Loving You),0,173680,False,0.537,0.247,4,-12.172,0,0.0817,0.938,0.00143,0.0975,0.306,72.536,3,romance,track_id:multiple_fields_uniqueness; track_genre:multiple_fields_uniqueness
78MaTag4E7UiNjI6d7KCeT,"Группа ""Загадка""",20 лучших ресторанных песен. Сладка ягода,Сладка ягода,0,190173,False,0.25,0.106,10,-12.954,0,0.0374,0.92,0.0,0.0802,0.313,75.807,4,romance,track_id:multiple_fields_uniqueness; track_genre:multiple_fields_uniqueness
62svtfRdzCBy5qHInT7lYv,Nikolai Erdenko,20 лучших ресторанных песен. Цыганочка,Ехал на ярмарку ухарь-купец,0,158306,False,0.673,0.534,4,-14.0,0,0.0692,0.715,0.0,0.161,0.742,110.513,4,romance,track_id:multiple_fields_uniqueness; track_genre:multiple_fields_uniqueness
60GPk3Q9dYRAvj3z4w3uvt,Paolo Plaza,Mis Pasos,Alguien Como Tú,30,314984,False,0.682,0.907,9,-3.436,0,0.0575,0.65,1.51e-06,0.0851,0.965,170.051,4,salsa,track_id:multiple_fields_uniqueness; track_genre:multiple_fields_uniqueness
2Y2GcNox0vZ6YOERe0s2fy,Daiquiri,Lo Mejor de Daiquirí,Morir de Amor,29,257000,False,0.745,0.831,10,-3.794,1,0.0407,0.499,0.00778,0.0354,0.966,157.009,4,salsa,track_id:multiple_fields_uniqueness; track_genre:multiple_fields_uniqueness
2ObXcpK0NlkbEpjLXHZJn4,Daniel Radcliffe;Rose Hemingway;Christopher J. Hanke,How To Succeed In Business Without Really Trying,Act One Finale,21,95280,False,0.0,0.322,7,-8.901,1,0.0,0.757,0.0,0.284,0.0,0.0,0,show-tunes,tempo:greater_than(0)
0Ar3Yw2YygQrxNOSRf8Wlc,Chess In Concert,Chess In Concert,You and I - Reprise,20,269666,False,0.246,0.255,10,-9.814,1,0.0338,0.918,0.0004,0.311,0.105,100.718,4,show-tunes,track_id:multiple_fields_uniqueness; track_genre:multiple_fields_uniqueness
4TZh9HGsgaH3qzX40TPsF3,Weißes Rauschen HD,Weißer Lärm Baby Schlaf (Meeresrauschen),Wenn Baby nicht schläft,54,169104,False,0.0,0.28,10,-17.052,1,0.0,0.75,0.932,0.931,0.0,0.0,0,sleep,tempo:greater_than(0)
4xu38KnbRHbRHRwdg4KFul,Fan Sounds,Box Fan Long Loop For Sleep,Box Fan Long Loop For Sleep,54,500166,False,0.0,2.03e-05,6,-25.556,1,0.0,0.145,0.213,0.114,0.0,0.0,0,sleep,tempo:greater_than(0)
1ATNhuJASoNNIcGb1eoQGP,Weißes Rauschen HD,"Weißes Geräusch Für Tiefen Schlaf, Tinnitus Und Meditation",Weißes Rauschen: Tiefschlaf,56,94365,False,0.0,0.00601,5,-24.854,1,0.0,0.921,0.24,0.271,0.0,0.0,0,sleep,tempo:greater_than(0)
5oeF42L73APoIognQDfqsS,Weißes Rauschen HD,Weißer Lärm Baby Schlaf (Meeresrauschen),Qualitätsschlaf,48,214401,False,0.0,0.618,2,-20.881,0,0.0,0.74,0.978,0.854,0.0,0.0,0,sleep,tempo:greater_than(0)
3hDMlXKXTUfGhsJ5OgLjcd,Weißes Rauschen HD,Weißer Lärm Baby Schlaf (Meeresrauschen),Ich muss jetzt schlafen,49,179501,False,0.0,0.401,10,-17.403,1,0.0,0.818,0.966,0.852,0.0,0.0,0,sleep,tempo:greater_than(0)
680gfmxE9oPj43uum5USyc,Sleep Baby Sleep;White Noise Babies;White Noise For Baby Sleep;Spa Relaxation;Spa Relaxation & Spa,Soothing Brown Noise Waves and Calming Ambient Combinations (Loopable and without Fade),Soothing Brown Noise Waves,49,93451,False,0.0,2.03e-05,1,-18.75,1,0.0,0.113,0.94,0.363,0.0,0.0,0,sleep,tempo:greater_than(0)
1ToQuJpkEt7Hw90jOBKnYM,Water Sound Natural White Noise,White Noise Spa – Calming Noises,Noise for Restless Kids,52,61000,False,0.0,2.03e-05,10,-21.258,0,0.0,0.0,0.973,0.132,0.0,0.0,0,sleep,tempo:greater_than(0)
3rm2WrETcJxFjOawcfiG3h,Sleep Baby Sleep;Meditation Spa;White Noise Therapy;Rain Spa;Rain Shower,White Noise Spa Collection - 50 Shades of Ambience (Loopable and without fade),Pouring Rain - Loopable with No Fade,49,93451,False,0.0,6.19e-05,9,-18.685,1,0.0,0.127,0.999,0.718,0.0,0.0,0,sleep,tempo:greater_than(0)
3IVQzOYO8JG9Lj41pq98Pf,Weißes Rauschen HD,Weißer Lärm Baby Schlaf (Meeresrauschen),Neugeborene Schlafhilfe,50,199929,False,0.0,0.398,2,-16.889,0,0.0,0.795,0.979,0.931,0.0,0.0,0,sleep,tempo:greater_than(0)
3guM77UfyggID9e6epTkBL,Weißes Rauschen HD,Weißer Lärm Baby Schlaf (Meeresrauschen),Natur eigene Schlafmaschine,48,208105,False,0.0,0.297,7,-20.159,0,0.0,0.761,0.98,0.871,0.0,0.0,0,sleep,tempo:greater_than(0)
2wY3IEAH3ARw82py4NCXFo,Natural White Noise Relaxation,Baby Sleep White Noise: Ultimate Album to Help Babies Sleep Through the Night,"Water Fall White Noise: Environmental Sounds for Rem Sleep, Dreaming, Masking Tinnitus",49,137693,False,0.0,0.493,10,-16.919,0,0.0,0.161,0.998,0.554,0.0,0.0,0,sleep,tempo:greater_than(0)
5pGBDKBaR63vuJ4g8ialcU,Water Sound Natural White Noise,White Noise Spa – Calming Noises,Deep Sleep Recovery Noise,76,63000,False,0.0,0.032,1,-30.704,1,0.0,0.916,0.202,0.103,0.0,0.0,0,sleep,tempo:greater_than(0)
3hs7Lh777aKJugwl0Zq1QF,Rain Sounds,Soft Rain Sleep,Sleep Rain,54,66860,False,0.0,0.0146,1,-19.407,1,0.0,2.65e-06,0.831,0.31,0.0,0.0,0,sleep,tempo:greater_than(0)
45njeRvYMyB8vT6iIVKEdz,Deep Sleep Brown Noise;Deep Sleep White Noise;Deep Sleep Background Noise;Brown Noise Dreams;Pink Noise,"Brown Noise Dreams (Pure Brown Noise and Ambient Combinations, including Clothes Dryers, Waterfalls, Crickets)",Pure Brown Noise,46,71397,False,0.0,2.01e-05,10,-17.502,0,0.0,0.0,0.124,0.688,0.0,0.0,0,sleep,tempo:greater_than(0)
4lb7K2xZIydBTL4Sd3T0g3,Deep Sleep Brown Noise;Deep Sleep White Noise;Deep Sleep Background Noise;Brown Noise Dreams;Pink Noise,"Brown Noise Dreams (Pure Brown Noise and Ambient Combinations, including Clothes Dryers, Waterfalls, Crickets)",Pure Brown Noise,44,71397,False,0.0,2.01e-05,10,-17.502,0,0.0,0.0,0.124,0.688,0.0,0.0,0,sleep,tempo:greater_than(0)
4KjXDCg53Vd5AaGWL8Qnxt,White Noise Sleep Sounds;Sleep Sound Library,Loopable White Noise Sleep Sounds,White Noise - Loopable With No Fade,47,68917,False,0.0,2.03e-05,7,-40.112,1,0.0,0.994,0.0727,0.107,0.0,0.0,0,sleep,tempo:greater_than(0)
1xZrDvsngI3akwkw8Wt4md,Deep Sleep;Relaxation And Meditation;Relax;Ontspanning Sound;Relajacion Del Mar,White Noise Spa Collection - 50 Shades of Ambience (Loopable and without fade),Pure Brown Noise - Loopable with No Fade,43,71397,False,0.0,2.01e-05,10,-17.502,0,0.0,0.0,0.124,0.688,0.0,0.0,0,sleep,tempo:greater_than(0)
05ZPVWAZqUTPa4oJA01d45,"Deep Sleep;Sleep Baby Sleep;Lullabies for Deep Meditation;Relax Meditate Sleep;Relaxation;Soothing White Noise for Infant Sleeping and Massage, Crying & Colic Relief","Exhaustive Collection of Soothing Brown Noise, Brown Waves and other Ambiences (Loopable Audios for Ambiance, Meditation, Insomnia, and Restless Children)",Pure Brown Noise - Loopable with no fade,44,71397,False,0.0,2.01e-05,10,-17.502,0,0.0,0.0,0.124,0.688,0.0,0.0,0,sleep,tempo:greater_than(0)
2MetzfhUMANQ07Fu0liJzj,Loopable;Verter la lluvia,Rain Sounds and other Ambiences (Loopable and without Fade),Pouring Rain - Loopable with No Fade,44,93451,False,0.0,6.19e-05,9,-18.685,1,0.0,0.127,0.999,0.718,0.0,0.0,0,sleep,tempo:greater_than(0)
40zj6W7wVqeNkfXjSmFQqx,Baby Sweet Dream,Baby White Noise Series - Pure White Noise,Baby White Noise Series - Pure White Noise,43,300000,False,0.0,2.01e-05,6,-33.764,0,0.0,0.69,0.42,0.863,0.0,0.0,0,sleep,tempo:greater_than(0)
2qOF8MklZW5dw1zzwO7Izx,Granular,Brown Noise For Sleep,Brown Noise For Sleep 3,44,76874,False,0.0,0.836,1,-24.271,0,0.0,0.996,0.997,0.109,0.0,0.0,0,sleep,tempo:greater_than(0)
6qRzFfo5Cinvew7MNW7c78,White Noise Meditation,Background Noise For Baby Sleep,Fan - Loopable with No Fade,44,66262,False,0.0,2.03e-05,1,-35.106,1,0.0,0.956,0.99,0.173,0.0,0.0,0,sleep,tempo:greater_than(0)
3d5uEp5qFzZVxlfNAzVIvR,Rain Sounds,Baby Sleep Rain,Relaxing Rain,44,75649,False,0.0,0.000574,2,-19.924,1,0.0,3.51e-06,0.814,0.393,0.0,0.0,0,sleep,tempo:greater_than(0)
5LCe1aLRmkDknpeNpiva68,Weißes Rauschen HD,"Weißes Geräusch Für Tiefen Schlaf, Tinnitus Und Meditation",Weißes Rauschen: Schlafmittel,43,94365,False,0.0,0.0011,10,-28.22,1,0.0,0.122,0.114,0.123,0.0,0.0,0,sleep,tempo:greater_than(0)
1CpLV85mVNUsE4kVH8oOty,Nature Sounds,Loopable Rain Sounds,Rain Sounds for Deep Sleep,42,167500,False,0.0,0.612,1,-13.491,0,0.0,0.139,0.975,0.461,0.0,0.0,0,sleep,tempo:greater_than(0)
2PNxDVjqfTgm3tlibZ2c38,Loopable;Verter la lluvia,Rain Sounds and other Ambiences (Loopable and without Fade),Brown Noise Waves and the Pouring Rain,42,93451,False,0.0,4.28e-05,2,-18.683,1,0.0,0.194,0.999,0.718,0.0,0.0,0,sleep,tempo:greater_than(0)
6P2lrbOqtKtAdJ30OXKiK3,Sleep Baby Sleep;White Noise Babies;White Noise For Baby Sleep;Spa Relaxation;Spa Relaxation & Spa,White Noise Spa Collection - 50 Shades of Ambience (Loopable and without fade),Soothing Brown Noise Waves,42,93451,False,0.0,2.03e-05,1,-18.75,1,0.0,0.113,0.94,0.363,0.0,0.0,0,sleep,tempo:greater_than(0)
0IkUTWDCxVIadHAl997Ueq,Meditation Spa;Rain Sounds;Best Relaxing SPA Music;Rain Sounds & Nature Sounds;Rainfall,Appliances and other Household Ambiences (Loopable background noises),Pouring Rain - Loopable with no fade,42,93451,False,0.0,6.19e-05,9,-18.685,1,0.0,0.127,0.999,0.718,0.0,0.0,0,sleep,tempo:greater_than(0)
3cJbNaXdqRuuEoksg0j7LC,Baby Sweet Dream,Baby White Noise Series - White Noise Collection,Pure White Noise,40,300000,False,0.0,2.01e-05,6,-33.764,0,0.0,0.69,0.42,0.863,0.0,0.0,0,sleep,tempo:greater_than(0)
2RkiA3TTXvrW1QsEyE6LSu,Granular,Brown Noise For Sleep,Brown Noise For Sleep 4,41,90000,False,0.0,0.375,11,-26.531,1,0.0,0.695,0.423,0.11,0.0,0.0,0,sleep,tempo:greater_than(0)
0k1SfhHiZblCF11hgTyj0G,Granular,Pink Noise For Sleep,Pink Noise For Sleep 14,42,96448,False,0.0,0.11,10,-29.296,0,0.0,0.932,0.298,0.108,0.0,0.0,0,sleep,tempo:greater_than(0)
0pVOHvFXPjfx94Io7n4SB9,Granular,Brown Noise For Sleep,Brown Noise For Sleep 2,42,81828,False,0.0,0.00188,2,-24.58,0,0.0,0.933,0.521,0.11,0.0,0.0,0,sleep,tempo:greater_than(0)
5luOyzGFVbgwOXpHiFxXUm,Silent Knights,White Noise Hoover,Sleeping Hoover,39,256000,False,0.0,0.000734,5,-8.171,0,0.0,0.166,0.951,0.932,0.0,0.0,0,sleep,tempo:greater_than(0)
5biHe2MTbGvVErVHvFMU9U,Loopable;Verter la lluvia,Loopable Ambience of Brown Noise and Brown Waves,Brown Noise Waves and the Pouring Rain,39,93451,False,0.0,4.28e-05,2,-18.683,1,0.0,0.194,0.999,0.718,0.0,0.0,0,sleep,tempo:greater_than(0)
1Nq9uiBzxv6NPnIoSOCQaM,"Spa;Spa, Relaxation and Dreams;Relax Meditate Sleep;Loopable;Lullaby Land",White Noise Spa Collection - 50 Shades of Ambience (Loopable and without fade),Clean White Noise,39,72651,False,0.0,2.03e-05,9,-8.327,1,0.0,0.112,0.331,0.663,0.0,0.0,0,sleep,tempo:greater_than(0)
04TUI0ut3JfAYpubKO4AHj,Water Sound Natural White Noise,White Noise Spa – Calming Noises,Fine Noise for Children,40,63000,False,0.0,0.032,1,-30.704,1,0.0,0.916,0.202,0.103,0.0,0.0,0,sleep,tempo:greater_than(0)
1tJf9tdBDvK130VCj1VAmt,Sound Sleeping,Sleep (Rain Sounds Compilation),Paradise Rain,39,268471,False,0.0,0.0474,2,-15.677,0,0.0,0.117,0.989,0.79,0.0,0.0,0,sleep,tempo:greater_than(0)
2bRKxuH1o7pTmb1y4GfdEc,White Noise Baby Sleep;White Noise for Babies,Best White Noise for Baby Sleep - Loopable with No Fade,Clean White Noise - Loopable with no fade,85,90228,False,0.0,0.00342,8,-28.46,1,0.0,0.791,1.0,0.111,0.0,0.0,0,sleep,tempo:greater_than(0)
6FF4ClqfWoA36QFLaTAkLj,"Deep Sleep;Sleep Baby Sleep;Lullabies for Deep Meditation;Relax Meditate Sleep;Relaxation;Soothing White Noise for Infant Sleeping and Massage, Crying & Colic Relief","Pure Brown Noise and Ambient Combinations, including Clothes Dryers, Waterfalls, Crickets and more (Loopable Audio for Insomnia, Meditation, and Restless Children)",Pure Brown Noise - Loopable with no fade,39,71397,False,0.0,2.01e-05,10,-17.502,0,0.0,0.0,0.124,0.688,0.0,0.0,0,sleep,tempo:greater_than(0)
3NCQ2kx9od0WsBRBY1EGDR,Sleep Baby Sleep;Ocean Sounds;Ocean Waves For Sleep;Fresh Water Sounds;Relajación,"Soothing Brown Noise, Brown Waves and other Ambeint Sounds for Rest and Ambiance (Loopable and without Fade)",Beach Waves and Soothing Brown Noise,38,93451,False,0.0,0.000252,9,-17.746,0,0.0,0.00948,0.877,0.806,0.0,0.0,0,sleep,tempo:greater_than(0)
3z36mkQEM5miCcDPnyj6x3,Vacuum Cleaner White Noise;White Noise For Baby Sleep;White! Noise;White Noise for Absolute Sleep;White Noise for Babies,"Vacuums for Rest and Relaxation (Loopable Audio for Insomnia, Meditation, and Restless Children)",Deeper Sounding Vacuum Cleaner 2 - Stationary,39,78739,False,0.0,5.9e-05,3,-7.296,1,0.0,0.996,0.969,0.346,0.0,0.0,0,sleep,tempo:greater_than(0)
1C0h4SvAveezqMSeAo86XA,White Noise Baby Sleep;White Noise for Babies;White Noise For Baby Sleep;Natural Sounds;Nature & Sounds Backgrounds,"Rain Drop Medley of Roof, Thunder, Forest, Car, and More (Loopable Audio for Insomnia, Meditation, and Restless Children)",The Early Morning Rain,60,87873,False,0.0,0.955,0,-20.356,1,0.0,0.139,0.997,0.425,0.0,0.0,0,sleep,tempo:greater_than(0)
3PYZ33xVLzeavp3DPCw6YX,Granular,Vision,White Noise - BP 228 hz,40,158709,False,0.0,2.02e-05,11,-28.445,0,0.0,0.236,0.307,0.958,0.0,0.0,0,sleep,tempo:greater_than(0)
2LwKRavO0P1ZM9bjq192mi,Granular,Pink Noise For Sleep,Pink Noise For Sleep 6,39,96448,False,0.0,0.000553,9,-27.035,1,0.0,0.914,0.996,0.109,0.0,0.0,0,sleep,tempo:greater_than(0)
5O9wvjgMiXWGzZg0b30PuZ,White Noise Baby Sleep;White Noise for Babies;White Noise For Baby Sleep;Natural Sounds;Nature & Sounds Backgrounds,"Gentle Waves, Angry Thunderstorms, Gurgling Rapids and Soothing Waterfalls (Loopable Soundscapes for Insomnia, Meditation, and Restless Children)",The Early Morning Rain,39,87873,False,0.0,0.955,0,-20.356,1,0.0,0.139,0.997,0.425,0.0,0.0,0,sleep,tempo:greater_than(0)
6BB2d2tQcyBfkxOmayHYXM,White Noise Babies;White Noise For Baby Sleep,Loopable White Noise,Clean White Noise - Loopable With No Fade - White Noise For Baby Sleep Remix,39,67682,False,0.0,2.03e-05,10,-43.046,1,0.0,0.974,0.00105,0.101,0.0,0.0,0,sleep,tempo:greater_than(0)
2jhzrWv6ut9eieePWaYRC8,Rain Sounds,Soft Rain Sleep,Spa Rain,39,97219,False,0.0,0.00743,8,-19.901,1,0.0,1.46e-06,0.807,0.414,0.0,0.0,0,sleep,tempo:greater_than(0)
3C32S8W8BBBKfHg3qyNX7E,White Noise Therapy,Pink Noise,Smooth Sailing,38,360000,False,0.0,2.03e-05,2,-16.555,1,0.0,0.951,0.873,0.113,0.0,0.0,0,sleep,tempo:greater_than(0)
2gsRZ8eccuUBE4slJuSo5o,Rain for Deep Sleep,Rainforest Sleep,Rain Sleep: Deep Forest Rain,38,90874,False,0.0,0.148,8,-25.758,1,0.0,0.00621,0.0798,0.353,0.0,0.0,0,sleep,tempo:greater_than(0)
28Wnwp5FDBU0vzlU2BbKR0,Pink Noise,Pink Noise for Sleeping,Loopable Pink Noise Flowing Waters,57,216000,False,0.0,0.00066,8,-25.141,1,0.0,0.331,0.289,0.111,0.0,0.0,0,sleep,tempo:greater_than(0)
0XvG65b2KbCUT4NDvjTAXm,Rain for Deep Sleep;Yoga;The Rain Library,11 Relaxing Rainfall Sounds to Loop and Beat Stress,Continuous Rain,38,162495,False,0.0,0.998,11,-25.885,0,0.0,0.132,0.942,0.891,0.0,0.0,0,sleep,tempo:greater_than(0)
6oXRqxWfdlRcHq9SpV4CmN,Deep Sleep Hair Dryers;Hair Dryers for Background Noise;Hair Dryer Collection,Hair Dryer Collection for Background Noise,Hair Dryer on Low - Stationary with Slight Swell,38,80310,False,0.0,0.431,0,-9.414,1,0.0,0.163,0.995,0.921,0.0,0.0,0,sleep,tempo:greater_than(0)
3OTL612aTGvvGbzMuEcdbo,Deep Sleep Hair Dryers;Hair Dryer Collection;Hair Dryer Sounds,Hair Dryers,Hair Dryer Sound 20 - Loopable With No Fade,37,84000,False,0.0,3.05e-05,3,-22.367,1,0.0,0.988,0.991,0.443,0.0,0.0,0,sleep,tempo:greater_than(0)
2QNQCdk29G9JCPTB0uOvsg,White Noise Babies,Loopable White Noise For Baby Sleep,Clean White Noise - Loopable Without Fade,38,67682,False,0.0,2.03e-05,10,-43.046,1,0.0,0.974,0.00105,0.101,0.0,0.0,0,sleep,tempo:greater_than(0)
3FCjw9jRcPqw8A9k2ZkJ5p,White Noise Sleep Sounds;Sleep Sound Library,Loopable White Noise Sleep Sounds,Clean White Noise - Loopable With No Fade,38,67682,False,0.0,2.03e-05,10,-43.046,1,0.0,0.974,0.00105,0.101,0.0,0.0,0,sleep,tempo:greater_than(0)
6LYuiCjFumPNhXReNlTwPt,Weißes Rauschen HD,"Weißes Geräusch Für Tiefen Schlaf, Tinnitus Und Meditation",Weißes Rauschen: Rem-Schlaf,37,92879,False,0.0,0.000164,10,-23.108,1,0.0,0.144,0.535,0.143,0.0,0.0,0,sleep,tempo:greater_than(0)
2yuPnt1UgSU3FlFuyCnNJI,Fan Sounds,Gentle Box Fan Breeze For Sleep,Gentle Box Fan Breeze For Sleep,37,125884,False,0.0,0.000271,1,-40.795,1,0.0,0.731,0.864,0.389,0.0,0.0,0,sleep,tempo:greater_than(0)
0MgnRvmrRE0c9kqUcDRySj,White Noise Therapy;Rain Sounds;Natural White Noise for Babies;Nature and Rain;Natural Sounds,"Rain Drop Medley of Roof, Thunder, Forest, Car, and More (Loopable Audio for Insomnia, Meditation and Restless Children)",Pure Brown Noise with Pouring Rain,37,61020,False,0.0,2.03e-05,2,-14.51,1,0.0,0.0,0.0,0.838,0.0,0.0,0,sleep,tempo:greater_than(0)
3D8hmLjE4XnuDaHwEs1qdt,Deep Sleep Hair Dryers;Hair Dryers for Background Noise;Hair Dryer Collection,Hair Dryer Collection for Background Noise,Hair Salon,36,74700,False,0.0,2.03e-05,5,-8.018,1,0.0,0.99,0.999,0.989,0.0,0.0,0,sleep,tempo:greater_than(0)
3Myq90aABjKvdh2dKhJMiv,Deep Sleep Hair Dryers;Hair Dryers for Background Noise;Hair Dryer Collection,Hair Dryer Collection for Background Noise,Hair Dryer on High - Stationary,37,88305,False,0.0,0.000594,4,-11.661,1,0.0,0.236,0.999,0.961,0.0,0.0,0,sleep,tempo:greater_than(0)
3jpY2gUd3DOnDr4WPuMRHx,Deep Sleep;Relaxation And Meditation;Relax;Ontspanning Sound;Relajacion Del Mar,White Noise Collection,Pure Brown Noise - Loopable with No Fade,36,71397,False,0.0,2.01e-05,10,-17.502,0,0.0,0.0,0.124,0.688,0.0,0.0,0,sleep,tempo:greater_than(0)
7Fta9aJyI2O8lZ7OZ4qwmS,Silent Knights,White Noise Hoover,Calm Hoover Noise,36,128000,False,0.0,0.00048,6,-9.423,1,0.0,0.124,0.992,0.909,0.0,0.0,0,sleep,tempo:greater_than(0)
5m00VnXlz8yRKmCXVgJCEa,Electric Dreams,Electric Fan (Sound Masking Fan),Electric Fan (Sound Masking Fan),36,3600014,False,0.0,0.000512,11,-35.129,1,0.0,0.947,0.384,0.112,0.0,0.0,0,sleep,tempo:greater_than(0)
33wp91bmIk1XYn7aKxMone,"Spa;Spa, Relaxation and Dreams;Relax Meditate Sleep;Loopable;Lullaby Land","White Noise Spa Collection - 50 Shades of Ambience (Loopable Audio for Insomnia, Meditation and Restless Children)",Clean White Noise,35,72651,False,0.0,2.03e-05,9,-8.327,1,0.0,0.112,0.331,0.663,0.0,0.0,0,sleep,tempo:greater_than(0)
5ytXTFuW4KjkHw5siVJeA5,Deep Sleep Hair Dryers;Hair Dryers for Background Noise;Hair Dryer Collection,Hair Dryer Collection for Background Noise,Plastic Hair Dryer - Stationary,36,77037,False,0.0,0.657,3,-8.158,1,0.0,0.974,0.999,0.983,0.0,0.0,0,sleep,tempo:greater_than(0)
423KoEUpycHLNi4vesOPpT,Deep Sleep Systems;Deep Sleep;Organic Sound;Water Sound Natural White Noise;Fresh Water Sounds For Inner Peace,"Water Spa Meditations (click Shuffle, Repeat, Cross Fade, and Gapless for continuous unique soundscape)",Rushing Cold Icelandic Waterfall,36,83856,False,0.0,0.0403,1,-21.209,1,0.0,0.16,0.998,0.93,0.0,0.0,0,sleep,tempo:greater_than(0)
0bDFsdF1BdtWzjqE2Vfxvl,White Noise Meditation,Background Noise For Baby Sleep,Clean White Noise - Loopable with No Fade,36,73442,False,0.0,2.03e-05,10,-34.919,1,0.0,0.889,0.403,0.153,0.0,0.0,0,sleep,tempo:greater_than(0)
2mRc9bJZTUoMjWzbGwGBGy,Granular,Pink Noise For Sleep,Pink Noise For Sleep 1,37,94205,False,0.0,0.0116,2,-22.048,1,0.0,0.927,0.483,0.121,0.0,0.0,0,sleep,tempo:greater_than(0)
0jZmx4t0Fg4SJxJj0jnAdU,White Noise Sleep Sounds,Soothing White Noise,White Noise - Loopable With No Fade,37,74217,False,0.0,0.00332,10,-49.307,0,0.0,0.91,0.849,0.101,0.0,0.0,0,sleep,tempo:greater_than(0)
4YukH0BeXhJmcCmz2BBRke,Baby Sleep White Noise,Relaxing Loopable White Noise,Box Fan - Loopable With No Fade,36,78600,False,0.0,0.000257,5,-42.995,0,0.0,0.977,0.949,0.0995,0.0,0.0,0,sleep,tempo:greater_than(0)
3pcxWBIDqlJBmQmlzWjY9n,White Noise Relaxation;Outside Broadcast Recordings;White Noise For Baby Sleep;White Noise Research;Relajacion Del Mar;El Ruidio Blanco,"Pink, White, Blue and Brown Noises",Pure Brown Noise,35,71397,False,0.0,2.01e-05,10,-17.502,0,0.0,0.0,0.124,0.688,0.0,0.0,0,sleep,tempo:greater_than(0)
71JJl3lf8EqGs98hpd9k6B,Pink Noise,The Best Pink Noise,Pink Noise Relaxation,35,300001,False,0.0,6.03e-05,10,-12.822,0,0.0,0.127,0.985,0.237,0.0,0.0,0,sleep,tempo:greater_than(0)
7JiNqs52r97rOOjad76JhD,"Lightning, Thunder and Rain Storm;Thunderstorms;Spa Music;Thunder Storm;Thunderstorm Sleep;Sounds Of Nature : Thunderstorm, Rain","Rain Drop Medley of Roof, Thunder, Forest, Car, and More (Loopable Audio for Insomnia, Meditation and Restless Children)",Heavier Rain Fall with Thunder,36,77121,False,0.0,0.406,9,-18.691,1,0.0,0.0,0.757,0.357,0.0,0.0,0,sleep,tempo:greater_than(0)
3gIEb1mxGFTMlJAkaYaG2Q,Sleep Baby Sleep;Relaxation;White Noise Meditation;Spa Relaxation & Spa;Rest & Relax;Deep Sleep,"Brown Noise, White Noise, and Binaural Beats Entrainment (Loopable with no Fade)",Pure White Noise - Loopable with No Fade,35,73886,False,0.0,0.0,0,-8.437,0,0.0,0.0,0.0,0.0,0.0,0.0,0,sleep,tempo:greater_than(0)
45J6Es4wJ5GpAjZgt9QXb8,Vacuum Cleaner White Noise;Lullaby Land;Lullabyes;White Noise for Deeper Sleep;White Noise for Newborns,"Vacuums for Rest and Relaxation (Loopable Audio for Insomnia, Meditation, and Restless Children)",Stronger Motor Vacuum Cleaner with high pitched motor tones - Non Stationary,35,85516,False,0.0,2.03e-05,6,-0.689,1,0.0,0.986,0.696,0.486,0.0,0.0,0,sleep,tempo:greater_than(0)
57HQqFBEYSIkM4zzbsF4TP,Granular,Brown Noise For Sleep,Brown Noise For Sleep 5,36,86250,False,0.0,2.01e-05,2,-21.969,1,0.0,0.0,1.0,0.161,0.0,0.0,0,sleep,tempo:greater_than(0)
4xGBr91n9vWRweKI0hd3u2,Rain Sounds,Rainfall,Spa Rain,35,97219,False,0.0,0.00743,8,-19.901,1,0.0,1.46e-06,0.807,0.414,0.0,0.0,0,sleep,tempo:greater_than(0)
53z8ah9wlzvII7pnmmjBJX,Granular,Pink Noise For Sleep,Pink Noise For Sleep 5,36,103177,False,0.0,0.653,10,-26.865,1,0.0,0.985,0.227,0.111,0.0,0.0,0,sleep,tempo:greater_than(0)
5V8TEDGMTyYx8nBFz94C0a,Weißes Rauschen HD,"Weißes Geräusch Für Tiefen Schlaf, Tinnitus Und Meditation",Weißes Rauschen: Löschen Sie Den Geist,35,101120,False,0.0,8.83e-05,0,-24.547,1,0.0,0.823,0.553,0.388,0.0,0.0,0,sleep,tempo:greater_than(0)
4HulNbrL7VILLuHV9tsADy,Weißes Rauschen HD,"Weißes Geräusch Für Tiefen Schlaf, Tinnitus Und Meditation",Weißes Rauschen: Aufwachen Total Entspannt,35,105770,False,0.0,7.99e-05,10,-33.727,1,0.0,0.977,0.988,0.11,0.0,0.0,0,sleep,tempo:greater_than(0)
7nOk0pfj4DqDglEjgaJ0EG,Weißes Rauschen HD,"Weißes Geräusch Für Tiefen Schlaf, Tinnitus Und Meditation",Weißes Rauschen: Entspannende Stimmungen,35,88229,False,0.0,0.000267,1,-23.02,1,0.0,0.926,0.345,0.174,0.0,0.0,0,sleep,tempo:greater_than(0)
7LVTRCPF8OeR35VexfK1XO,Loopable,Loopable Ambience of Brown Noise and Brown Waves,Brown Noise Waves,35,93451,False,0.0,2.03e-05,1,-18.75,1,0.0,0.113,0.94,0.363,0.0,0.0,0,sleep,tempo:greater_than(0)
7aqkiFyBFMmJPIT0hkY4MK,Loopable,Loopable Ambience of Brown Noise and Brown Waves,Pure Brown Noise - Loopable with no fade,34,71397,False,0.0,2.01e-05,10,-17.502,0,0.0,0.0,0.124,0.688,0.0,0.0,0,sleep,tempo:greater_than(0)
63gkPI6zuRKPAfvfkZ2U1s,Sleep Baby Sleep;Soothing White Noise for Sleeping Babies;Soothing White Noise for Relaxation;Lullaby Land;Hush Little Baby,"Loopable Fans, Air Conditioner, and an Office Shredder",Home Air Filterer Unit,35,75980,False,0.0,0.0038,1,-26.68,1,0.0,5.52e-05,0.144,0.117,0.0,0.0,0,sleep,tempo:greater_than(0)
5qVRWUq8ECJaWTx2rE2kUD,Sleep Baby Sleep;White Noise Babies;White Noise For Baby Sleep;Spa Relaxation;Spa Relaxation & Spa,"Soothing Brown Noise, Brown Waves and other Ambeint Sounds for Rest and Ambiance (Loopable and without Fade)",Soothing Brown Noise Waves,35,93451,False,0.0,2.03e-05,1,-18.75,1,0.0,0.113,0.94,0.363,0.0,0.0,0,sleep,tempo:greater_than(0)
517zFFE01WR7zuNONic10C,White Noise Babies;White Noise for Babies,Loopable White Noise,Air Conditioner - Loopable With No Fade (feat. White Noise For Babies),34,77482,False,0.0,0.000638,1,-42.864,1,0.0,0.98,0.833,0.0983,0.0,0.0,0,sleep,tempo:greater_than(0)
6QOJC2iyu06ZVIh4iZT1oR,Deep Sleep Vacuum Cleaners;White Noise Vacuum Cleaner;Relaxing Vacuum Cleaners,Vacuum Cleaners for Background Noise,Deeper Sounding Vacuum Cleaner 2 - Stationary,34,78739,False,0.0,5.9e-05,3,-7.296,1,0.0,0.996,0.969,0.346,0.0,0.0,0,sleep,tempo:greater_than(0)
33BhBduJ2m2FQ0cYpl0aQE,Deep Sleep Systems;White Noise Meditation;Rain Sounds;Fade Away Sleep Sounds;Fresh Water Spa,Pure Brown Noise and Ambient Combinations (Loopable and without Fade),Pouring Rain with Pure Brown Noise - Loopable with no fade,35,61020,False,0.0,2.03e-05,2,-14.51,1,0.0,0.0,0.0,0.838,0.0,0.0,0,sleep,tempo:greater_than(0)
1vv0nOmOAXE8ZxKHwovfGp,Rain Sounds;Sleep Sounds of Nature,"Rain Sounds: Meditaton Rain Sounds, Massage and Spa Music for Yoga, Soothing Ambient Sleep Sounds, Baby Sleep Aid","White Noise (Loopable, No Fade)",34,139036,False,0.0,2.82e-05,4,-29.564,1,0.0,0.36,0.903,0.966,0.0,0.0,0,sleep,tempo:greater_than(0)
55wsymeCqNNMiS6i0isfJk,Sleep Baby Sleep;Relax & Relax;Relax Meditate Sleep;Deep Sleep Lullabies;Deep Meditation Lullabies,"Fans, Air Units, and Other Office Ambiences (Loopable Audio for Ambiance, Meditation, Insomnia, and Restless Children)",Outside Air Unit 2,34,64102,False,0.0,0.000262,10,-16.68,0,0.0,0.175,0.585,0.581,0.0,0.0,0,sleep,tempo:greater_than(0)
3DXFilykRL3IDMqYERMkSH,Pink Noise,Pink Noise,Pink Noise for Sleeping,34,240000,False,0.0,7.95e-05,10,-12.882,1,0.0,0.118,0.971,0.235,0.0,0.0,0,sleep,tempo:greater_than(0)
0oZIxlpMddqBvTigKs2dLI,Meditation Spa;Spa;Deep Sleep Relaxation;White Noise Nature Sounds Baby Sleep;Mute Button;Spa Relaxation & Spa,White Noise Spa Collection - 50 Shades of Ambience (Loopable and without fade),Buffered White Noise,34,93451,False,0.0,2.03e-05,1,-9.316,1,0.0,0.186,0.00105,0.497,0.0,0.0,0,sleep,tempo:greater_than(0)
56WrmyFZZhiYShdXV3pOWE,Vacuum Cleaner White Noise;Baby Sweet Dream,Soothing Sleeping Sounds,Air Conditioner - Loopable With No Fade - Baby Sleep,34,77482,False,0.0,0.000638,1,-42.864,1,0.0,0.98,0.833,0.0983,0.0,0.0,0,sleep,tempo:greater_than(0)
1WCpq85hZdiov2DN39Sqfd,Deep Sleep Hair Dryers;Hair Dryer Collection;Hair Dryer Sounds,Hair Dryers,Hair Dryer Sound 19 - Loopable With No Fade,34,84000,False,0.0,6.4e-05,6,-22.073,1,0.0,0.777,0.999,0.915,0.0,0.0,0,sleep,tempo:greater_than(0)
5Yrsl8Y4882HA3vjcjIdkm,Granular,Pink Noise For Sleep,Pink Noise For Sleep 7,34,85233,False,0.0,0.0831,2,-27.014,1,0.0,0.583,0.987,0.108,0.0,0.0,0,sleep,tempo:greater_than(0)
07mVi0yV5t6ckS0A11VYxN,White Noise Sleep Sounds;Sleep Sound Library,Loopable White Noise Sleep Sounds,Air Conditioner - Loopable With No Fade,34,77482,False,0.0,0.000638,1,-42.864,1,0.0,0.98,0.833,0.0983,0.0,0.0,0,sleep,tempo:greater_than(0)
5yXpOUto49XyhZAVsbggNo,White Noise Baby Sleep,White Static Sleep Noise,Spray Paint,34,77316,False,0.0,0.183,11,-38.574,1,0.0,0.202,0.351,0.254,0.0,0.0,0,sleep,tempo:greater_than(0)
6eu7S3v7Py2gw3eukxiHbD,Weißes Rauschen HD,"Weißes Geräusch Für Tiefen Schlaf, Tinnitus Und Meditation",Weißes Rauschen: Hintergrund Lärm Für Schlaf,34,104292,False,0.0,0.000174,1,-23.436,1,0.0,0.921,0.748,0.211,0.0,0.0,0,sleep,tempo:greater_than(0)
0XsJEXpDjyrTR08Su32Vpy,Water Sound Natural White Noise,White Noise Spa – Calming Noises,Healing Noises for Insomniac,34,62000,False,0.0,0.0052,8,-17.886,1,0.0,0.108,0.555,0.589,0.0,0.0,0,sleep,tempo:greater_than(0)
2bhLx29FJZ6aDUxPsKzpz3,Sleep Baby Sleep;Rain Sounds;Calm Children Collection;Soothing Nature Sounds;Rain Sounds & Nature Sounds,"Rain Drop Medley of Roof, Thunder, Forest, Car, and More (Loopable Audio for Insomnia, Meditation, and Restless Children)",Pouring Rain and Soothing Brown Noise,33,93451,False,0.0,4.28e-05,2,-18.683,1,0.0,0.194,0.999,0.718,0.0,0.0,0,sleep,tempo:greater_than(0)
68bHNMOv11rVzVs6QJFvIv,"Rain Sounds;Sounds Of Nature : Thunderstorm, Rain;The Rain Library","20 Sleeping Rain Sounds - Cure Insomnia, Sleep 8 Hours & Wake Refreshed",Continuous Rain,34,162495,False,0.0,0.998,11,-25.885,0,0.0,0.132,0.942,0.891,0.0,0.0,0,sleep,tempo:greater_than(0)
2WhCcPMlgs7ZpjtWZ1d17G,White Noise Babies;Binaural Beats Sleep;Binaural Beats,Theta Waves for Babies Baby Sleep,Box Fan Noise,34,60000,False,0.0,0.000103,2,-29.6,1,0.0,0.957,0.0204,0.676,0.0,0.0,0,sleep,tempo:greater_than(0)
7zWjTNurzoewvg2puGRJPx,Silent Knights,White Noise Hoover,Sleepy Hoover,33,128000,False,0.0,0.359,7,-7.687,0,0.0,0.67,0.961,0.753,0.0,0.0,0,sleep,tempo:greater_than(0)
0j5Dyj6udsCYDDgkExIXGC,Silent Knights,White Noise Hoover,Calming Hoover,33,160000,False,0.0,0.178,0,-7.704,0,0.0,0.187,0.981,0.57,0.0,0.0,0,sleep,tempo:greater_than(0)
7aobMbEFBMR9BuQOHWLdMi,Sleep Baby Sleep;White Noise Meditation;Delta Don and Theta Mind Cream;Soothing White Noise for Relaxation;Binaural Beats,"Brown Noise, White Noise, and Binaural Beats Entrainment (Loopable with no Fade)",Brown Noise with Binaural Beats - Theta - Loopable with No Fade,33,73886,False,0.0,0.475,9,-21.019,0,0.0,0.914,0.851,0.315,0.0,0.0,0,sleep,tempo:greater_than(0)
6jMzlM5eXPdjBxB1mya2qs,Tmsoft’s White Noise Sleep Sounds,Pink Noise Sound,Pink Noise Sound,33,590000,False,0.0,2.03e-05,2,-9.651,1,0.0,0.155,0.916,0.444,0.0,0.0,0,sleep,tempo:greater_than(0)
1U4qWTytgM8NPfJzax6Gqh,White Noise Sleep Sounds;Static White Noise Sounds;Real White Noise,White Noise Sleep Sounds,"White Noise - Loopable, No Fade",33,142305,False,0.0,1.95e-05,0,-9.879,1,0.0,0.0,0.0,0.0,0.0,0.0,0,sleep,tempo:greater_than(0)
3EyvunG6quJJH2UxwkXGGf,Rain Sounds Factory STHLM,Rain And Wave Machines,Rain Sound : Loopable Rain,33,156000,False,0.0,8e-05,3,-15.066,1,0.0,0.00181,0.984,0.569,0.0,0.0,0,sleep,tempo:greater_than(0)
6X15g6tStyh5vmC9wfM4RP,Meditation Spa;Spa;Deep Sleep Relaxation;White Noise Nature Sounds Baby Sleep;Mute Button;Spa Relaxation & Spa,"White Noise Spa Collection - 50 Shades of Ambience (Loopable Audio for Insomnia, Meditation and Restless Children)",Buffered White Noise,33,93451,False,0.0,2.03e-05,1,-9.316,1,0.0,0.186,0.00105,0.497,0.0,0.0,0,sleep,tempo:greater_than(0)
6kbS5Z8RVWDH9ieymklT2v,Granular,Band-Pass,Pink Noise - BP 100 hz,33,186000,False,0.0,0.00158,10,-36.24,1,0.0,0.98,0.985,0.103,0.0,0.0,0,sleep,tempo:greater_than(0)
6ezXeofP0Vfj59TuNelDlP,White Noise Therapy,White Noise Sleep Aid,White Noise for Babies,33,256000,False,0.0,2.03e-05,4,-11.254,1,0.0,0.142,0.734,0.505,0.0,0.0,0,sleep,tempo:greater_than(0)
2j6c4aqDGK2HdkAGLbNGf9,Sound Sleeping,Sleep (Rain Sounds Compilation),Ankara Rain Skies,33,291833,False,0.0,0.994,11,-17.981,1,0.0,0.991,0.436,0.965,0.0,0.0,0,sleep,tempo:greater_than(0)
6Oi367MytaNMr5I0U0zf2v,Granular,Pink Noise For Sleep,Pink Noise For Sleep 9,33,76261,False,0.0,0.000173,0,-27.962,1,0.0,0.945,0.108,0.105,0.0,0.0,0,sleep,tempo:greater_than(0)
5aiHbzqqmnqowqyarJi8MU,Baby Sweet Dream,Hair Dryer (Baby White Noise Series),Hair Dryer (Baby White Noise Series),32,300000,False,0.0,0.0333,0,-25.706,1,0.0,0.981,1.0,0.971,0.0,0.0,0,sleep,tempo:greater_than(0)
7L2HJIqrlb3L3SpjH66uO5,Outside Broadcast Recordings,White Noise for Restless Babies,White Noise: Kettles,33,40000,False,0.0,0.446,9,-8.968,0,0.0,0.447,0.992,0.946,0.0,0.0,0,sleep,tempo:greater_than(0)
4THWkFVhSnDQzhh0khcVbp,White Noise Therapy,White Noise Therapy Vol. 1,Hidden Waterfall,32,422974,False,0.0,2.03e-05,11,-13.813,0,0.0,0.2,1.0,0.32,0.0,0.0,0,sleep,tempo:greater_than(0)
5utUKeJ2ZG9KCZbvdEzPfa,White Noise Sleep Sounds,Soothing White Noise,Soothing White Noise - Loopable With No Fade,32,65248,False,0.0,0.000687,10,-49.531,0,0.0,0.908,0.943,0.101,0.0,0.0,0,sleep,tempo:greater_than(0)
6o7NS54MaKCb0jvlMNlYGy,Granular,Pink Noise For Sleep,Pink Noise For Sleep 2,33,100934,False,0.0,0.167,1,-28.114,1,0.0,0.369,0.481,0.112,0.0,0.0,0,sleep,tempo:greater_than(0)
6EulzmjzMXbl9tMuTOnpfJ,White Noise Baby Sleep;White Noise for Babies;White Noise For Baby Sleep;Natural Sounds;Nature & Sounds Backgrounds,"Rain Drop Medley of Roof, Thunder, Forest, Car, and More (Loopable Audio for Insomnia, Meditation and Restless Children)",The Early Morning Rain,32,87873,False,0.0,0.955,0,-20.356,1,0.0,0.139,0.997,0.425,0.0,0.0,0,sleep,tempo:greater_than(0)
6ZQwcKEFr41pdeHUXOy9d5,Granular,Unison,White Noise - BP 940 hz,33,158709,False,0.0,2.03e-05,8,-25.693,0,0.0,0.754,0.00641,0.962,0.0,0.0,0,sleep,tempo:greater_than(0)
4O5xErTIU7SLQ6QJ6SUc0D,The Ocean Waves Sounds,Relaxing Ocean Waves,Ocean Sounds: Relaxing Wind - Loopable,32,128916,False,0.0,0.0555,1,-17.352,1,0.0,0.844,0.965,0.631,0.0,0.0,0,sleep,tempo:greater_than(0)
7fKV63uloCWmzj3HMQWZOS,Baby Sweet Dream,Baby White Noise Series - White Noise Collection,Hair Dryer,32,300000,False,0.0,0.0333,0,-25.706,1,0.0,0.981,1.0,0.971,0.0,0.0,0,sleep,tempo:greater_than(0)
3oTdidJI8aabNqgSU1WjLE,ASMR HD,Asmr - Relaxing Box Fan Sounds,Asmr: Sleepy Box Fan,32,187106,False,0.0,2.02e-05,2,-13.615,0,0.0,0.112,0.905,0.585,0.0,0.0,0,sleep,tempo:greater_than(0)
2ZUSMbv6oiNLdcSg0RpQsz,Granular,30 Minutes White Noise Yoga Trip,One Start Trip,32,180000,False,0.0,2.03e-05,1,-23.712,1,0.0,0.865,0.65,0.944,0.0,0.0,0,sleep,tempo:greater_than(0)
7FUp5BALAs8wy0D3LjUyMj,Deep Sleep Hair Dryers;Hair Dryers for Background Noise;Hair Dryer Collection,Hair Dryer Collection for Background Noise,Hair Dryer on High - Stationary,32,88305,False,0.0,0.000594,4,-11.661,1,0.0,0.236,0.999,0.961,0.0,0.0,0,sleep,tempo:greater_than(0)
1gMuHUxFRYRDAmdfG3mmNM,White Noise Babies,Loopable White Noise For Baby Sleep,Air Conditioner - Loopable Without Fade,32,77482,False,0.0,0.000638,1,-42.864,1,0.0,0.98,0.833,0.0983,0.0,0.0,0,sleep,tempo:greater_than(0)
1VfdHjChKjH3cRgWVqDqyb,White Noise Baby Sleep,White Noise for Sleeping Babies,"White Noise Relaxation for Calming Down Fussy Infant Baby, Sleepy Toddler or Child",61,593754,False,0.0,0.373,10,-16.469,0,0.0,0.153,0.999,0.726,0.0,0.0,0,sleep,tempo:greater_than(0)
01M0YRamUAhV0XMPZrUIky,Binaural Beats Brain Waves Isochronic Tones Brain Wave Entrainment,! ! ! ! ! Whispers ! ! ! ! !,Static Rainstorm,32,99030,False,0.0,2.01e-05,1,-25.162,1,0.0,0.0,0.977,0.32,0.0,0.0,0,sleep,tempo:greater_than(0)
0mP9EwPHeiKQfhtKWW2vzG,Meditation Spa;Relax Meditate Sleep;Relaxation;Namaste;Relajante Marrón Ruido,Appliances and other Household Ambiences (Loopable background noises),Brown Waves - Loopable,32,93451,False,0.0,2.03e-05,1,-18.75,1,0.0,0.113,0.94,0.363,0.0,0.0,0,sleep,tempo:greater_than(0)
29onW5ZW7dAXETPIdCYwf8,Loopable,Rain Sounds and other Ambiences (Loopable and without Fade),Office Air Conditioners,31,41066,False,0.0,0.0628,10,-28.528,0,0.0,0.981,0.0539,0.111,0.0,0.0,0,sleep,tempo:greater_than(0)
0RdcTCLn8hIQvLVaqsZLPg,Meditation Spa;Deep Sleep;White Noise Therapy;Relaxation;Deep Sleep Relaxation;Deep Sleep Meditation,Appliances and other Household Ambiences (Loopable background noises),Pure Brown Noise - Loopable Background,32,71397,False,0.0,2.01e-05,10,-17.502,0,0.0,0.0,0.124,0.688,0.0,0.0,0,sleep,tempo:greater_than(0)
1BgBMNz7I7NEOiP1LNeKqh,Granular,H2O,Brown Noise - Waterfall,32,113569,False,0.0,0.514,2,-19.258,0,0.0,0.272,0.968,0.111,0.0,0.0,0,sleep,tempo:greater_than(0)
4kbZ4InJwTJlITcyUXsP1y,Baby Sleep Lullaby Academy,"Natural White Noise to Help Your Baby Sleep – Relaxing and Soothing Sounds of Hairdryer, Vacuum Cleaner, Ocean Waves, Car Engine, Mother's Heartbeat and Other",Vacum Cleaner,32,300000,False,0.0,0.00593,5,-25.195,1,0.0,0.908,0.973,0.96,0.0,0.0,0,sleep,tempo:greater_than(0)
18uUw1Stb2demvWXH7ZwMN,Vacuum Cleaner White Noise;Baby Sweet Dream,Soothing Sleeping Sounds,Clean White Noise - Loopable With No Fade - Baby Sleep,31,86373,False,0.0,0.00224,10,-40.606,1,0.0,0.971,0.717,0.105,0.0,0.0,0,sleep,tempo:greater_than(0)
4bayyxzcVfy6yE8UDTamjU,Deep Sleep Hair Dryers;Hair Dryers for Background Noise;Hair Dryer Collection,Hair Dryer Collection for Background Noise,Hotel Hair Dryer - Non-Stationary,32,81548,False,0.0,0.999,7,-7.477,1,0.0,0.358,0.999,0.965,0.0,0.0,0,sleep,tempo:greater_than(0)
1TQHup7ICgn33yWMgnkUyw,Tmsoft’s White Noise Sleep Sounds,Extreme Rain,Extreme Rain,31,590000,False,0.0,0.0353,1,-24.325,1,0.0,0.0,4.8e-05,0.424,0.0,0.0,0,sleep,tempo:greater_than(0)
5gEKRH0MCSegG8ZISUPaU2,Granular,The World Of,Tin White Noise,32,182050,False,0.0,2.03e-05,1,-16.187,1,0.0,0.00385,0.903,0.921,0.0,0.0,0,sleep,tempo:greater_than(0)
6H0kAiSAFB84jX7dgEDWd6,Rain Sounds,Rain,Rain: Natural Recording,32,84219,False,0.0,0.0254,8,-19.925,1,0.0,1.54e-06,0.838,0.339,0.0,0.0,0,sleep,tempo:greater_than(0)
6EIvczZqM3aW9OsLv9DgBP,The Jackson 5,Jingle Bell Rock 2022,Santa Claus Is Coming To Town,0,144080,False,0.691,0.776,0,-4.177,1,0.0341,0.458,1.68e-05,0.33,0.961,146.861,4,soul,track_id:multiple_fields_uniqueness; track_genre:multiple_fields_uniqueness
7qXOU6cphWamDZg2vYm3iw,"Sarah, the Illstrumentalist",FLOWERS,Echinacea,6,131332,False,0.567,0.483,9,-12.536,0,0.0561,0.392,0.911,0.184,0.543,89.957,4,study,track_id:multiple_fields_uniqueness; track_genre:multiple_fields_uniqueness
0xchuOuU0MqjKaUrzIPrCv,Pepper and Po,Breaking News,Subway Signs,26,183007,False,0.792,0.0414,8,-14.461,1,0.0663,0.748,0.929,0.0902,0.418,79.985,4,study,track_id:multiple_fields_uniqueness; track_genre:multiple_fields_uniqueness
63vjnB6EeQuVf64zLxIo90,Aly & Fila;JES;Space Motion,Summer Sessions 2021,I Won't Let You Fall - Space Motion Extended Remix,36,449032,False,0.693,0.731,2,-8.552,1,0.0438,0.00483,0.543,0.112,0.273,122.987,4,trance,track_id:multiple_fields_uniqueness; track_genre:multiple_fields_uniqueness
0sSjIvTvd6fUSZZ5rnTPDW,Everything But The Girl,Eden (Deluxe Edition),Another Bridge - 2012 Remaster,26,132826,False,0.48,0.853,0,-6.276,1,0.0734,0.0306,1.27e-06,0.32,0.775,85.181,4,trip-hop,track_id:multiple_fields_uniqueness; track_genre:multiple_fields_uniqueness
2zg3iJW4fK7KZgHOvJU67z,Faithless,Faithless 2.0,Tarantula,21,398152,False,0.622,0.816,6,-11.095,0,0.0483,0.00959,0.578,0.0991,0.427,136.007,4,trip-hop,track_id:multiple_fields_uniqueness; track_genre:multiple_fields_uniqueness
46FPub2Fewe7XrgM0smTYI,Morcheeba,Parts of the Process,Undress Me Now,17,203773,False,0.576,0.352,7,-10.773,0,0.0268,0.7,0.27,0.16,0.36,95.484,4,trip-hop,track_id:multiple_fields_uniqueness; track_genre:multiple_fields_uniqueness
6qVA1MqDrDKfk9144bhoKp,Acil Servis,Küçük Adam,Bebek,38,319933,False,0.486,0.485,5,-12.391,0,0.0331,0.00446,1.69e-05,0.369,0.353,120.095,4,turkish,track_id:multiple_fields_uniqueness; track_genre:multiple_fields_uniqueness
5WaioelSGekDk3UNQy8zaw,Matt Redman,Sing Like Never Before: The Essential Collection,Our God - New Recording,34,265373,False,0.487,0.895,11,-5.061,1,0.0413,0.000183,0.0,0.359,0.384,105.021,4,world-music,track_id:multiple_fields_uniqueness; track_genre:multiple_fields_uniqueness
5EYzrykQ95uOmepteDi9KT,El Ruido Blanco;Soñoliento Juan;Mantra para Dormir,Aire Acondicionado de Ruido Blanco,Aire de verano,27,128000,False,0.0,0.188,8,-25.837,0,0.0,0.139,0.339,0.122,0.0,0.0,0,world-music,tempo:greater_than(0)
2EnZf7wbFv7ST4CJ3EvNzT,El Ruido Blanco,Ruido Blanco para el bebé: sonidos relajantes para bebés recién nacidos para ayudar a dormir,Ruido Rosa Puro - Una Hora Versión,24,3601693,False,0.0,2.03e-05,1,-11.165,1,0.0,0.186,1.0,0.362,0.0,0.0,0,world-music,tempo:greater_than(0)
6XsYJ0dwT2hRzp0Qles78F,Колыбельная-земля,Расслабляющие звуки - белый шум для вашего ребенка,Пылесос (Белый шум),22,302185,False,0.0,0.224,8,-10.224,1,0.0,0.142,0.986,0.411,0.0,0.0,0,world-music,tempo:greater_than(0)
